FID,address,new_address,confirm,suspect,district,date,lng,lat,gaode_lon,gaode_lat,gps_lon,gps_lat
190,高新社区,高新社区,3,2,新洲区,2020/2/10,114.573095,30.668474,114.576008,30.669933,114.5709293,30.67253318
326,风华园,风华园,14,0,新洲区,2020/2/12,114.532035,30.717861,114.525478,30.712177,114.5202678,30.71465827
361,清安社区,清安社区(邾城街),5,11,新洲区,2020/2/12,114.811512,30.848279,114.80794,30.845915,114.802724,30.84830328
362,凤凰台社区,新洲区邾城街凤凰台社区,4,4,新洲区,2020/2/12,114.816395,30.840428,114.8099,30.834431,114.8046888,30.83682918
366,蔡濠社区,邾城街蔡濠社区江夏花园,3,8,新洲区,2020/2/12,114.814853,30.858214,114.807741,30.852095,114.8025241,30.85447943
371,汽渡社区,汽渡路汽渡社区,1,0,新洲区,2020/2/12,114.327673,30.618289,114.574237,30.631089,114.569159,30.63370446
491,环湖社区,佳运・环湖花园,4,1,新洲区,2020/2/13,114.38811,30.480158,114.562515,30.667548,114.5574135,30.67013222
492,潘家墩社区,潘家墩社区,2,0,新洲区,2020/2/13,114.570295,30.656829,114.563757,30.650937,114.5586594,30.65353054
524,关东街长城社区,龙城华庭,15,13,新洲区,2020/2/14,114.230441,30.639937,114.81375,30.840462,114.808546,30.84286364
665,南山市场,南山村,1,0,新洲区,2020/2/14,114.136266,30.631828,114.664225,30.65203,114.6590851,30.65457129
693,商东社区,商东社区,3,3,新洲区,2020/2/14,114.57648,30.666055,114.570037,30.660284,114.5649501,30.66288197
925,天琴湾社区,天琴湾(环湖路),6,5,新洲区,2020/2/19,114.579876,30.684342,114.573432,30.678267,114.5683489,30.68086071
0,凯乐花园,凯乐花园(舒家街),8,0,武昌区,2020/2/4,114.330361,30.545961,114.323894,30.540319,114.3184256,30.54271367
31,新生里社区,新生里社区(新生路),3,2,武昌区,2020/2/8,114.322212,30.573901,114.316039,30.568062,114.3105807,30.57046179
33,逸居苑,逸居苑(徐东大街),8,6,武昌区,2020/2/8,114.349524,30.598445,114.343117,30.592822,114.337613,30.59516136
36,一生活区,第一生活区,11,6,武昌区,2020/2/8,114.558541,30.70616,114.328396,30.543169,114.32292,30.5455541
38,三生活区,何家垅休养所第三生活区,4,1,武昌区,2020/2/8,114.558541,30.70616,114.330989,30.546192,114.3255085,30.54857111
48,华美达安可酒店,华美达安可酒店,1,0,武昌区,2020/2/9,114.410682,30.465486,114.320119,30.520969,114.3146583,30.52337714
49,中北春天小区,中北春天,2,6,武昌区,2020/2/9,114.367789,30.876721,114.353962,30.566081,114.3484444,30.56841141
125,诚善里社区,诚善里,5,2,武昌区,2020/2/10,114.339643,30.598403,114.332133,30.592879,114.3266466,30.59523892
126,城南新居小区,城南新居,4,3,武昌区,2020/2/10,114.306264,30.512837,114.299488,30.507177,114.2940584,30.50962597
127,锦绣江南小区,锦绣江南(中北路),12,8,武昌区,2020/2/10,114.363236,30.570063,114.357814,30.562769,114.3522916,30.56509439
128,电力新村,杨园街电力新村社区,11,9,武昌区,2020/2/10,114.34924,30.604514,114.343112,30.597886,114.3376075,30.6002234
129,林泰华府,林泰华府,4,1,武昌区,2020/2/10,114.349905,30.602459,114.343649,30.596436,114.3381438,30.59877298
132,水岸星城社区,水岸星城,17,11,武昌区,2020/2/10,114.346622,30.580702,114.343581,30.575601,114.3380777,30.57794603
135,团结名居竹园,团结名居・竹园,5,5,武昌区,2020/2/10,114.351282,30.590434,114.344905,30.584232,114.339399,30.5865714
136,金沙豪庭小区,新安・金沙豪庭,7,0,武昌区,2020/2/10,114.356342,30.571844,114.349739,30.565721,114.3442274,30.56805869
137,新安花园,新安花园,3,0,武昌区,2020/2/10,114.355039,30.57125,114.348632,30.564967,114.343122,30.56730689
154,楚世家小区,东湖楚世家,2,1,武昌区,2020/2/10,114.245559,30.592179,114.366945,30.56395,114.361412,30.56626166
167,城市花园,城市花园,8,17,武昌区,2020/2/10,114.306119,30.543351,114.299589,30.537663,114.2941567,30.54010212
208,融侨华府社区,融侨华府,15,9,武昌区,2020/2/11,114.323329,30.575839,114.316934,30.569745,114.3114741,30.57214252
209,香榭东沙,新长江香榭东沙,1,4,武昌区,2020/2/11,114.326397,30.561504,114.319866,30.555609,114.3144027,30.55800607
211,阳光水岸,阳光水岸(友谊大道),2,3,武昌区,2020/2/11,114.324425,30.568124,114.318025,30.562325,114.3125641,30.56472315
212,武印二村,四清里社区,6,3,武昌区,2020/2/11,114.319434,30.566973,114.313541,30.561193,114.3080871,30.56359987
214,复地东湖国际一二期,复地东湖国际1期,11,0,武昌区,2020/2/11,114.356297,30.565941,114.356882,30.559118,114.3513611,30.56144616
285,金域华府,万科金域华府(友谊大道),2,0,武昌区,2020/2/12,114.358432,30.60706,114.352063,30.600756,114.346545,30.60307649
309,东原时光道,东原・时光道,3,3,武昌区,2020/2/12,114.346497,30.590525,114.339703,30.584704,114.334205,30.58705276
310,安顺花园,安顺花园,2,1,武昌区,2020/2/12,114.34387,30.559731,114.337342,30.553242,114.3318505,30.55560662
311,四美新村小区,四美新村社区,3,4,武昌区,2020/2/12,114.34906,30.606815,114.342814,30.600619,114.3373098,30.60295587
312,四美苑小区,四美苑住宅小区,10,9,武昌区,2020/2/12,114.346981,30.606637,114.340445,30.600537,114.3349445,30.60287826
314,东湖春树里小区,东湖春树里,3,4,武昌区,2020/2/12,114.369019,30.581287,114.362112,30.574917,114.3565833,30.57723144
315,万达公馆,万达环球国际中心5号行政公馆,7,0,武昌区,2020/2/12,114.316362,30.571508,114.335833,30.557381,114.3303436,30.55974701
316,小刘家湾社区,小刘家湾社区(小刘家湾),40,32,武昌区,2020/2/12,114.333945,30.549837,114.330322,30.539722,114.3248431,30.54210457
317,宝通寺社区,宝通寺社区,15,23,武昌区,2020/2/12,114.339553,30.54027,114.33286,30.534131,114.3273775,30.53651059
318,佳馨花园,佳馨花园,2,6,武昌区,2020/2/12,114.343118,30.592722,114.337234,30.586526,114.3317398,30.58887869
319,民主路社区,武昌区粮道街民主路社区,12,14,武昌区,2020/2/12,114.318004,30.550933,114.311506,30.545171,114.3060566,30.54758715
363,南街社区,中南路街涂家岭社区,3,3,武昌区,2020/2/12,114.802309,30.848272,114.329716,30.525286,114.3242394,30.52767447
406,武泰闸花园小区,武泰闸城市花园小区,26,13,武昌区,2020/2/13,114.303839,30.518517,114.297226,30.512836,114.2917987,30.51528682
414,湖北大学保集安,保集安5区,9,10,武昌区,2020/2/13,114.341858,30.580181,114.335684,30.572636,114.3301935,30.57499681
415,湖北大学琴园小区,湖大琴园小区,13,7,武昌区,2020/2/13,114.335377,30.579198,114.329009,30.573402,114.3235294,30.57577525
416,晒湖社区晒湖小区,武昌晒湖小区,7,7,武昌区,2020/2/13,114.328375,30.524936,114.321793,30.518998,114.3163298,30.5214036
417,小东门社区,粮道街小东门社区,35,15,武昌区,2020/2/13,114.322114,30.55124,114.316181,30.543795,114.3107246,30.54620305
418,何家垅社区,何家垅社区,14,22,武昌区,2020/2/13,114.334057,30.550783,114.327547,30.544753,114.3220722,30.54713919
514,天久云门,天久云门,6,2,武昌区,2020/2/14,114.319254,30.522285,114.312669,30.516651,114.3072203,30.51907435
539,华天明珠紫阳府,华天明珠紫阳府(建设中),1,0,武昌区,2020/2/14,114.303361,30.535517,114.296556,30.529882,114.291128,30.53232845
540,馨都名苑,馨都茗苑,3,6,武昌区,2020/2/14,114.303491,30.536704,114.296986,30.53101,114.2915574,30.53345542
541,水陆小区,水陆小区(复兴路),33,0,武昌区,2020/2/14,114.305731,30.535575,114.299327,30.529977,114.2938956,30.53241907
545,安顺星苑,安顺星苑,6,5,武昌区,2020/2/14,114.34618,30.561848,114.339799,30.555731,114.3343034,30.55809015
546,南国SOHO,南国SOHO,1,3,武昌区,2020/2/14,114.327409,30.514896,114.3208,30.509011,114.3153393,30.51142157
550,梅岭,梅岭,2,0,武昌区,2020/2/14,114.342685,30.560165,114.33658,30.553741,114.3310897,30.55610688
552,安顺家园号楼,安顺家园,2,0,武昌区,2020/2/14,114.343878,30.559588,114.337204,30.553621,114.3317127,30.55598575
555,紫竹苑,紫竹苑,5,3,武昌区,2020/2/14,114.310651,30.549492,114.285676,30.512103,114.2802604,30.51457036
556,紫桂苑,长江紫都紫桂苑,10,2,武昌区,2020/2/14,114.373005,30.524341,114.284366,30.510523,114.2789516,30.51299247
560,首义名居,首义名居,11,3,武昌区,2020/2/14,114.316909,30.542592,114.310421,30.53687,114.3049739,30.5392909
561,四美糖,四美塘社区,1,0,武昌区,2020/2/14,114.360961,30.532112,114.343587,30.594852,114.3380821,30.59718971
562,才华茗苑,才华茗苑,11,8,武昌区,2020/2/14,114.347539,30.602439,114.341379,30.596207,114.3358774,30.59854823
563,江尚,江尚,1,0,武昌区,2020/2/14,114.345912,30.600557,114.339607,30.594418,114.3341083,30.59676321
566,沙湖明珠小区,沙湖明珠,17,13,武昌区,2020/2/14,114.328035,30.562251,114.321607,30.556336,114.3161409,30.55872952
567,武车四村小区,武车四村小区,14,18,武昌区,2020/2/14,114.326274,30.581729,114.319763,30.575919,114.3142981,30.57830894
568,歌笛湖社区,歌笛湖社区,27,3,武昌区,2020/2/14,114.306728,30.538849,114.30013,30.53319,114.2946974,30.53562973
569,锦江国际城,锦江国际城,3,3,武昌区,2020/2/14,114.31436,30.568221,114.307866,30.562634,114.3024204,30.56505055
604,水运宿舍,水运宿舍,2,2,武昌区,2020/2/14,114.339782,30.597373,114.316011,30.574431,114.3105522,30.57682852
647,南苑社区,南苑村,22,3,武昌区,2020/2/14,114.211503,30.550571,114.345324,30.538751,114.3398213,30.54110585
702,丽岛2046,丽岛・2046,3,3,武昌区,2020/2/15,114.337322,30.524575,114.33075,30.518646,114.3252723,30.5210346
715,怡景苑D栋,怡景苑(临江大道),1,0,武昌区,2020/2/15,114.358097,30.623505,114.350826,30.615123,114.3453085,30.61743984
716,怡景苑小区,怡景苑(临江大道),11,16,武昌区,2020/2/15,114.357158,30.621354,114.350826,30.615123,114.3453085,30.61743984
717,安胜花园,安胜花园,11,8,武昌区,2020/2/15,114.356293,30.618968,114.350312,30.61301,114.3447954,30.61532858
727,鹏程帝景园,鹏程・帝景园(和平大道),6,1,武昌区,2020/2/15,114.337076,30.591779,114.330563,30.585797,114.3250797,30.58816264
728,涂家沟社区,涂家沟,54,28,武昌区,2020/2/15,114.310444,30.523666,114.305515,30.516645,114.3000767,30.51908104
729,松涛苑,松涛苑(瑞安街),9,5,武昌区,2020/2/15,114.329523,30.517293,114.322906,30.511381,114.3174417,30.51378685
730,宁静苑,宁静苑(平安路),1,3,武昌区,2020/2/15,114.326238,30.520432,114.319865,30.514526,114.3144053,30.51693664
731,康乐苑,康乐苑(恒安路),7,4,武昌区,2020/2/15,114.321995,30.520002,114.315475,30.51426,114.3100222,30.51667894
732,江南庭院,江南庭园(丁字桥南路),2,0,武昌区,2020/2/15,114.333508,30.516917,114.326946,30.510959,114.3214751,30.51335726
733,金秋别墅,金秋千秋别墅花园,1,0,武昌区,2020/2/15,114.324257,30.520291,114.317658,30.514434,114.3122018,30.51684882
736,名邸公馆,名邸公馆,4,7,武昌区,2020/2/15,114.328121,30.584485,114.32166,30.579351,114.3161918,30.58173607
777,街道口社区,珞南街街道口社区,20,3,武昌区,2020/2/16,114.35389,30.535163,114.347475,30.528841,114.3419699,30.53119528
793,尚隆苑社区地球村,尚隆地球村,15,6,武昌区,2020/2/16,114.320314,30.564759,114.313705,30.559047,114.3082511,30.56145433
796,拜赞庭小区,拜赞庭,3,0,武昌区,2020/2/16,114.333859,30.552777,114.327425,30.546828,114.3219503,30.54921371
842,水域天际社区,水域天际,28,19,武昌区,2020/2/17,114.329502,30.508259,114.322875,30.502393,114.3174115,30.50480162
859,团结村,团结新村,3,6,武昌区,2020/2/17,114.390522,30.234352,114.347179,30.580601,114.3416698,30.5829377
861,梨园医院家属区,梨园医院小区,10,0,武昌区,2020/2/18,114.385021,30.58859,114.377052,30.57982,114.3715091,30.58211393
862,东湖天下小区,东湖天下,4,0,武昌区,2020/2/18,114.378894,30.582651,114.372468,30.576287,114.3669288,30.57858724
874,君临天下,君临天下(徐东大街),2,1,武昌区,2020/2/18,114.347468,30.599022,114.341056,30.592863,114.3355552,30.59520613
875,徐东小区,徐东小区,10,12,武昌区,2020/2/18,114.351708,30.599524,114.345492,30.593212,114.3399843,30.5955469
903,西城壕社区,西城壕社区,19,12,武昌区,2020/2/19,114.310166,30.559551,114.303462,30.554135,114.2980232,30.55656213
927,和盛世家,和盛世家(梨园侧路),17,5,武昌区,2020/2/20,114.156232,30.615733,114.369439,30.580297,114.3639021,30.58259942
939,四美塘社区,四美塘社区,14,14,武昌区,2020/2/20,114.350234,30.601006,114.343587,30.594852,114.3380821,30.59718971
940,八铺街社区,八铺街社区,41,11,武昌区,2020/2/20,114.302692,30.529914,114.296162,30.524398,114.2907349,30.52684683
985,莲溪寺社区,莲溪寺社区佑泉苑小区,33,24,武昌区,2020/2/21,114.334092,30.528218,114.327212,30.522902,114.3217397,30.52529602
986,融侨城,融侨城(铁机路),18,9,武昌区,2020/2/21,114.352745,30.61343,114.345696,30.607635,114.3401867,30.60996386
1031,惠誉花园小区,惠誉花园(_安路),13,14,武昌区,2020/2/22,114.33945,30.592497,114.332927,30.586452,114.3274398,30.58881288
1032,锦绣中北小区,锦绣中北,22,25,武昌区,2020/2/22,114.361407,30.571779,114.354954,30.565459,114.3494351,30.567788
1033,德成香奈长江国际小区,德成香奈・长江国际,10,4,武昌区,2020/2/22,114.34438,30.596343,114.337919,30.589995,114.3324234,30.59234508
1035,虹顶家园小区,虹顶家园(恒安路),4,10,武昌区,2020/2/22,114.318718,30.507985,114.312053,30.50235,114.3066065,30.50477883
1038,晒湖社区雄楚春天小区,雄楚春天,6,2,武昌区,2020/2/22,114.331616,30.523954,114.325006,30.517979,114.3195377,30.52037879
1085,洪珞社区,洪珞社区,38,11,武昌区,2020/2/23,114.350805,30.533597,114.344309,30.527125,114.3388088,30.5294855
1120,阳光城社区,阳光城,11,5,武昌区,2020/2/23,114.358499,30.619606,114.352071,30.613289,114.3465519,30.61560447
1167,建设新村社区,建设社区,27,28,武昌区,2020/2/25,114.324447,30.646417,114.343648,30.605404,114.338142,30.60773745
1173,楚材社区,楚材社区,30,14,武昌区,2020/2/22,114.308041,30.553861,114.301571,30.548137,114.2961352,30.55056935
37,二生活区,武汉石化第二生活区,3,2,青山区,2020/2/8,114.558541,30.70616,114.435179,30.653859,114.4296696,30.65613337
131,星苑社区,天宇星苑,16,15,青山区,2020/2/10,114.30517,30.518983,114.402001,30.635224,114.3964502,30.63748243
249,林湘新苑,林湘新苑,3,0,青山区,2020/2/11,114.374982,30.622309,114.368591,30.616155,114.3630518,30.61844446
349,红卫路科大社区,红卫路街科大社区,17,12,青山区,2020/2/12,114.378943,30.635317,114.373363,30.624074,114.3678189,30.62635441
350,新桥社区,新桥社区,20,8,青山区,2020/2/12,114.307164,30.533104,114.398074,30.633412,114.392522,30.6356716
364,祥燕社区,向阳小区(向阳路),3,1,青山区,2020/2/12,114.800733,30.830676,114.441352,30.6594,114.435856,30.66168168
455,临江港湾小区,临江港湾,17,4,青山区,2020/2/13,114.419651,30.656456,114.413003,30.650744,114.407459,30.65299823
456,七星富利天城,七星富利天城,7,0,青山区,2020/2/13,114.417259,30.655332,114.410596,30.649653,114.4050498,30.6519067
457,青康居,青康居,3,1,青山区,2020/2/13,114.426248,30.653884,114.419629,30.648169,114.414093,30.65042849
458,绿水花园,青山绿水花园,2,4,青山区,2020/2/13,114.423689,30.654496,114.417099,30.648824,114.4115597,30.65108139
459,香樟林,新长江香樟林,2,1,青山区,2020/2/13,114.429981,30.65364,114.423482,30.647915,114.4179516,30.65017792
460,联泰香域水岸,联泰香域水岸,11,6,青山区,2020/2/13,114.387146,30.642646,114.380696,30.636347,114.375146,30.63861482
634,中交江锦湾,中交・江锦湾,20,2,青山区,2020/2/14,114.410507,30.652731,114.404034,30.646766,114.3984833,30.64901952
635,中交江锦湾5.5产业园,中交・江锦湾,1,1,青山区,2020/2/14,114.410507,30.652731,114.404034,30.646766,114.3984833,30.64901952
638,钢花村街110社区,钢花村街110社区,25,3,青山区,2020/2/14,114.400475,30.630321,114.393819,30.624366,114.388267,30.62663058
639,钢花村街111社区,钢花村街111社区,20,15,青山区,2020/2/14,114.399984,30.628448,114.393436,30.622463,114.3878842,30.62472852
640,钢花村街114社区,钢花村街114社区,30,12,青山区,2020/2/14,114.394995,30.627842,114.388484,30.621803,114.3829326,30.62407119
641,钢花村街116社区,钢花村街116社区,38,18,青山区,2020/2/14,114.392058,30.628126,114.384798,30.622157,114.3792475,30.62442747
642,钢花村街117社区,钢花村街117社区,48,11,青山区,2020/2/14,114.388078,30.627838,114.381572,30.621623,114.3760228,30.62389624
643,钢花村街118社区,钢花村街118社区,26,19,青山区,2020/2/14,114.38968,30.625669,114.383282,30.619526,114.3777323,30.62179871
644,钢花村街119社区,钢花村街119社区,34,2,青山区,2020/2/14,114.384535,30.625773,114.379025,30.619761,114.3734774,30.6220373
645,钢花村街120社区,钢花村街120社区,23,6,青山区,2020/2/14,114.386842,30.623512,114.37975,30.617554,114.3742021,30.61983053
646,钢花村街121社区,武钢钢花新村121小区,37,5,青山区,2020/2/14,114.393105,30.627466,114.375019,30.616223,114.3694743,30.61850481
650,依江畔园小区,新奥・依江畔园,4,3,青山区,2020/2/14,114.390058,30.643992,114.38354,30.637896,114.3779886,30.64016079
654,碧园社区,碧园社区,20,9,青山区,2020/2/14,114.378469,30.634072,114.369826,30.62665,114.3642847,30.62893356
655,新沟桥街车站社区,红钢城车站街,8,4,青山区,2020/2/14,114.408333,30.640985,114.398317,30.636472,114.3927648,30.63873026
751,钢都花园绿景苑社区,绿景苑,27,20,青山区,2020/2/15,114.379857,30.613742,114.373501,30.607549,114.3679582,30.609836
752,十九街社区,十九街社区,24,0,青山区,2020/2/15,114.408218,30.642034,114.401647,30.636226,114.396096,30.63848402
753,光明社区,光明社区(冶金大道),32,7,青山区,2020/2/15,114.490894,30.617479,114.394367,30.632173,114.3888144,30.63443411
776,钢洲花园,钢洲花园,4,6,青山区,2020/2/16,114.386509,30.621877,114.380042,30.615686,114.3744941,30.61796302
814,才惠社区,才惠社区,19,21,青山区,2020/2/16,114.379076,30.627333,114.37273,30.621024,114.3671867,30.6233064
883,青源社区,青源小区,4,0,青山区,2020/2/18,114.384495,30.635937,114.377605,30.629893,114.3720573,30.63216645
884,奥山CC尚品,奥山世纪城,6,0,青山区,2020/2/18,114.244972,30.735377,114.360244,30.620236,114.3547135,30.6225355
887,奥山澜郡,奥山・澜郡,9,0,青山区,2020/2/18,114.368247,30.625165,114.36149,30.619208,114.3559581,30.62150606
889,奥山怡江苑,怡江苑,8,0,青山区,2020/2/18,114.364996,30.628089,114.358633,30.621801,114.3531044,30.62410233
905,欣城社区,欣城社区,35,4,青山区,2020/2/19,114.410329,30.630167,114.403698,30.62436,114.398149,30.62662304
906,悦达社区106小区,钢花新村106街坊物业小区,33,6,青山区,2020/2/19,114.404991,30.626146,114.402809,30.620371,114.3972599,30.62263566
908,青雅居小区,青雅居,4,6,青山区,2020/2/19,114.427827,30.64251,114.420634,30.636792,114.4151004,30.63905721
910,绿地香树花城,绿地香树花城,4,5,青山区,2020/2/19,114.4273,30.645368,114.42076,30.640185,114.4152263,30.64244886
911,绿地派克公馆,绿地香树花城,6,5,青山区,2020/2/19,114.429929,30.64752,114.42076,30.640185,114.4152263,30.64244886
912,康宁社区,康宁社区,8,5,青山区,2020/2/19,114.494948,30.61085,114.488383,30.604872,114.4830434,30.60729196
913,船厂社区,青山区青山镇街船厂社区,16,25,青山区,2020/2/19,114.44367,30.660631,114.436939,30.655182,114.4314333,30.65745841
943,青宜居社区,青宜居,38,15,青山区,2020/2/20,114.427253,30.649558,114.418595,30.643891,114.413058,30.64615158
946,八大家花园43街,八大家花园43街,41,18,青山区,2020/2/20,114.390033,30.631424,114.382664,30.626446,114.3771139,30.62871633
997,大华铂金郦府,大华铂金郦府,20,10,青山区,2020/2/21,114.368628,30.628737,114.363258,30.623415,114.3577237,30.62570874
998,大华铂金华府,大华铂金华府,6,1,青山区,2020/2/21,114.369556,30.627784,114.363191,30.621461,114.357657,30.62375565
1109,二街社区,二街社区,37,3,青山区,2020/2/23,114.414026,30.651316,114.407502,30.645467,114.4019536,30.64772161
1172,大华铂金瑞府,大华铂金华府,6,1,青山区,2020/2/21,114.369556,30.627784,114.363191,30.621461,114.357657,30.62375565
1174,科苑社区20街,科苑社区(冶金一街),17,11,青山区,2020/2/24,114.408741,30.639908,114.402084,30.634116,114.3965334,30.6363749
78,雅丰园小区,雅丰园,3,0,_口区,2020/2/9,114.224981,30.609054,114.218673,30.602812,114.2132124,30.60525351
80,陈家墩小区,古南社区陈家墩小区,9,0,_口区,2020/2/9,114.193314,30.594833,114.185666,30.589502,114.1801256,30.59189879
81,云鹤怡景南苑,怡景南苑,2,0,_口区,2020/2/9,114.19317,30.593855,114.186579,30.588229,114.1810413,30.59062793
168,中御公馆,中御公馆,6,5,_口区,2020/2/10,114.260313,30.58217,114.253955,30.575846,114.2485405,30.57831508
170,长丰街紫润北社区,_口区长丰街紫润北社区服务站,20,28,_口区,2020/2/10,114.219052,30.628369,114.211772,30.621291,114.2062954,30.62371673
244,景明花园,景明花园(长风路),2,5,_口区,2020/2/11,114.216355,30.621622,114.209832,30.615615,114.2043516,30.61804049
245,荣荟小区,广电・兰亭荣荟,14,38,_口区,2020/2/11,114.223279,30.610899,114.217027,30.604725,114.211563,30.6071639
325,长丰街天顺园社区,天顺园,22,40,_口区,2020/2/12,114.222433,30.617062,114.215936,30.611215,114.2104692,30.61365002
327,邻里中心,盛世长丰,17,0,_口区,2020/2/12,114.215878,30.612136,114.207677,30.606463,114.2021924,30.6088892
328,长寿社区,长寿社区(长堤街),27,44,_口区,2020/2/12,114.27368,30.57399,114.267191,30.5679,114.2617795,30.57036654
436,团结佳兴园小区,团结・佳兴园,12,37,_口区,2020/2/13,114.214977,30.619501,114.20841,30.613551,114.2029265,30.61597537
440,鄂教小区,鄂教小区,3,0,_口区,2020/2/13,114.263567,30.579768,114.257169,30.573498,114.251756,30.57596722
465,四中宿舍,四中教委宿舍,1,1,_口区,2020/2/13,114.503662,30.873747,114.22525,30.59453,114.2198022,30.5969813
600,百姓之春,百姓之春,9,8,_口区,2020/2/14,114.220882,30.612368,114.214373,30.606215,114.2089034,30.60865015
601,天泽一方,天泽一方,4,1,_口区,2020/2/14,114.223851,30.612464,114.217379,30.606273,114.2119156,30.60871168
605,汉口春天社区,汉口春天,28,37,_口区,2020/2/14,114.208127,30.602611,114.201604,30.597,114.1961056,30.59942093
664,华生汉口城市广场,华生・汉口城市广场,29,45,_口区,2020/2/14,114.194079,30.634314,114.207623,30.6166,114.2021374,30.61902203
673,同济社区,同济社区,5,2,_口区,2020/2/14,114.266768,30.584285,114.260268,30.578193,114.2548554,30.58065942
742,汉水熙园小区,汉水熙园(沿河大道),10,16,_口区,2020/2/15,114.221119,30.591887,114.214674,30.585726,114.2092068,30.58816949
743,百泽社区,百泽社区,24,26,_口区,2020/2/15,114.221065,30.612659,114.215828,30.606601,114.2103614,30.60903775
800,丰华园,丰华园,15,0,_口区,2020/2/16,114.217438,30.612306,114.210589,30.606304,114.2051111,30.60873426
801,邻里中心,盛世长丰,19,0,_口区,2020/2/16,114.215878,30.612136,114.207677,30.606463,114.2021924,30.6088892
802,盛世长丰,盛世长丰,3,0,_口区,2020/2/16,114.214288,30.612528,114.207677,30.606463,114.2021924,30.6088892
803,博学仕府小区,博学仕府,5,8,_口区,2020/2/16,114.224046,30.590746,114.217666,30.584625,114.212205,30.58707243
804,兴华尚都国际,兴华・尚都国际,5,4,_口区,2020/2/16,114.238285,30.59718,114.231877,30.59087,114.22644,30.59332785
805,金阳社区,金阳社区,6,6,_口区,2020/2/16,114.238851,30.593905,114.233049,30.587534,114.227614,30.58999388
851,蓝光林肯公园,蓝光林肯公园,3,8,_口区,2020/2/17,114.198602,30.624133,114.19229,30.619609,114.1867653,30.62200556
923,金利屋大厦,_口・金利屋,1,1,_口区,2020/2/19,114.185434,30.522329,114.26439,30.569643,114.2589785,30.5721106
1100,古南社区,古南社区陈家墩小区,47,0,_口区,2020/2/23,114.19232,30.59511,114.185666,30.589502,114.1801256,30.59189879
2,保利清能西海岸,保利清能・西海岸,1,3,江夏区,2020/2/5,114.424176,30.409946,114.415605,30.395803,114.410086,30.3981397
3,纸坊街花山社区,纸坊街花山社区,6,9,江夏区,2020/2/5,114.342695,30.372052,114.336217,30.365936,114.3307436,30.36835069
8,金谷明珠园,金谷明珠园,5,0,江夏区,2020/2/6,114.451282,30.485607,114.444403,30.47889,114.4389303,30.48124258
17,纸坊街河头社区,纸坊街花山社区,8,26,江夏区,2020/2/7,114.326923,30.372762,114.336217,30.365936,114.3307436,30.36835069
30,纸坊街复江道社区,复江道社区,3,12,江夏区,2020/2/8,114.326923,30.372762,114.320468,30.346618,114.3150218,30.34906576
45,纳帕溪谷,纳帕溪谷,1,5,江夏区,2020/2/9,114.413145,30.412841,114.407114,30.408623,114.401586,30.41095374
113,锦绣良缘小区,锦绣良缘,3,0,江夏区,2020/2/10,114.378428,30.47127,114.371674,30.465475,114.3661451,30.46781122
114,国创光谷上城,国创光谷上城(教育中路),3,2,江夏区,2020/2/10,114.454216,30.491996,114.44763,30.48585,114.4421651,30.48820674
198,凤凰花园,凤凰花园(凡谷小区西),2,2,江夏区,2020/2/11,114.431652,30.443822,114.424907,30.438566,114.4193972,30.440901
200,藏龙星天地,藏龙・星天地,2,0,江夏区,2020/2/11,114.436487,30.44158,114.429866,30.435824,114.424365,30.43816519
204,江郡华府,江郡华府,2,10,江夏区,2020/2/11,114.32989,30.380538,114.323338,30.37458,114.3178848,30.37701779
205,联投广场,联投广场,1,6,江夏区,2020/2/11,114.325983,30.379322,114.316677,30.374251,114.3112344,30.37670142
242,东湖花都小区,东湖里小区,5,8,江夏区,2020/2/11,114.407313,30.640755,114.324999,30.35909,114.3195444,30.36152721
297,关南社区四期,关南社区4期,3,0,江夏区,2020/2/12,114.441997,30.487621,114.435796,30.482778,114.4303028,30.48511524
306,梁山头社区,梁山头社区,6,4,江夏区,2020/2/12,114.45162,30.43734,114.445071,30.431412,114.4396041,30.43377773
359,幸福社区,幸福社区(花山大道),8,11,江夏区,2020/2/12,114.393516,30.513911,114.37075,30.368504,114.3652304,30.37086211
390,当代安普顿小镇,当代・安普顿小镇,6,4,江夏区,2020/2/13,114.383981,30.464042,114.376535,30.457592,114.3710031,30.45992485
395,中国铁建梧桐苑,中国铁建・梧桐苑,4,5,江夏区,2020/2/13,114.392043,30.459835,114.385525,30.453775,114.379989,30.45610099
397,加州香山美树,加州・香山美树,4,10,江夏区,2020/2/13,114.406034,30.469004,114.399563,30.46311,114.3940263,30.46542776
398,名湖豪庭,名湖豪庭,3,3,江夏区,2020/2/13,114.386633,30.464,114.380469,30.457511,114.3749347,30.45984008
400,怡景江南,怡景江南,3,0,江夏区,2020/2/13,114.371829,30.413209,114.365282,30.406869,114.3597644,30.40922709
402,远洋庄园,远洋庄园,1,2,江夏区,2020/2/13,114.368106,30.410881,114.361552,30.404595,114.3560388,30.40695889
403,纸坊街今城社区,纸坊街花山社区,7,3,江夏区,2020/2/13,114.326923,30.372762,114.336217,30.365936,114.3307436,30.36835069
404,纸坊街北华社区,江夏区纸坊街马山社区,8,33,江夏区,2020/2/13,114.326923,30.372762,114.328662,30.359436,114.3232014,30.36186615
476,理想城,光谷理想城,2,1,江夏区,2020/2/13,114.423392,30.477547,114.416755,30.471822,114.4112308,30.47414191
532,光谷地产梅花坞,光谷・梅花坞,1,2,江夏区,2020/2/14,114.386139,30.471029,114.379751,30.464747,114.3742165,30.46707487
533,中谷苑小区,中谷苑,2,4,江夏区,2020/2/14,114.388617,30.470805,114.38233,30.46475,114.3767942,30.46707563
538,乌龙泉街乌龙泉矿社区,乌龙泉社区,7,4,江夏区,2020/2/14,114.32749,30.269524,114.326196,30.260049,114.320748,30.26249573
721,宝业光谷丽都,宝业・光谷丽都,4,5,江夏区,2020/2/15,114.386762,30.468737,114.380774,30.462383,114.3752392,30.46471057
725,南车花园,南车花园,4,16,江夏区,2020/2/15,114.321029,30.414419,114.314456,30.408696,114.3090139,30.41114399
765,中建三局社区,中建三局三公司住宅小区,2,8,江夏区,2020/2/16,114.351968,30.515339,114.411294,30.465561,114.4057645,30.46787972
781,云顶居,云顶居,6,5,江夏区,2020/2/16,114.403046,30.483135,114.396659,30.477484,114.3911203,30.47979847
782,山水华庭,山水华庭,4,1,江夏区,2020/2/16,114.402848,30.484504,114.396342,30.478649,114.3908031,30.48096323
784,梅南山居,梅南山居,6,0,江夏区,2020/2/16,114.374696,30.419161,114.368047,30.412896,114.362526,30.41524913
785,汤逊湖山庄,汤逊湖山庄,1,3,江夏区,2020/2/16,114.387719,30.417327,114.381079,30.41121,114.3755485,30.41354923
833,万科城花_苑,万科城市花园(大学园路),6,6,江夏区,2020/2/17,114.421195,30.478125,114.409145,30.460223,114.4036141,30.46254235
838,保利海上五月花,保利・海上五月花,5,1,江夏区,2020/2/17,114.382222,30.412412,114.377339,30.406886,114.371811,30.40922962
869,大邱社区,大邱社区,16,5,江夏区,2020/2/18,114.460946,30.455478,114.454462,30.449374,114.4490194,30.45175451
897,万科城市花园,万科城市花园(大学园路),11,6,江夏区,2020/2/19,114.415593,30.465784,114.409145,30.460223,114.4036141,30.46254235
898,万科红郡,万科红郡,13,3,江夏区,2020/2/19,114.419153,30.461091,114.413758,30.455748,114.4082318,30.45807035
899,锦绣龙城,锦绣龙城(民族大道),19,12,江夏区,2020/2/19,114.392962,30.472588,114.386491,30.466529,114.3809536,30.46885107
901,津发小区,津发小区,9,9,江夏区,2020/2/19,114.387749,30.47585,114.381814,30.469468,114.376278,30.47179282
932,平安光谷春天,平安・光谷春天,3,1,江夏区,2020/2/20,114.444454,30.447233,114.437876,30.441431,114.4323909,30.44378208
936,豹_三眼桥,三眼桥社区,7,0,江夏区,2020/2/20,113.957615,30.347881,114.545186,30.46011,114.5400594,30.46273567
937,当代国际花园,当代国际花园,5,7,江夏区,2020/2/20,114.423001,30.466896,114.417088,30.460619,114.4115652,30.46294206
941,石洞街,石洞街,10,3,江夏区,2020/2/20,114.2961,30.343613,114.29242,30.339831,114.2870129,30.34232774
960,清水源小区,清水源,4,2,江夏区,2020/2/21,114.389131,30.481754,114.382756,30.475547,114.3772191,30.47786941
964,清江山水,清江山水,19,13,江夏区,2020/2/21,114.407873,30.480594,114.40027,30.474452,114.3947326,30.47676668
970,关东街森林小镇,现代・森林小镇,9,6,江夏区,2020/2/21,114.423607,30.460963,114.417324,30.455323,114.4118019,30.45764756
973,当代国际花园社区,当代国际花园,5,6,江夏区,2020/2/21,114.423001,30.466896,114.417088,30.460619,114.4115652,30.46294206
975,光谷自由城,光谷自由城,7,1,江夏区,2020/2/21,114.386379,30.474182,114.379884,30.467958,114.3743491,30.47028491
1022,佳源花都,佳源花都,17,2,江夏区,2020/2/22,114.453149,30.479438,114.446636,30.473455,114.4411695,30.47581323
1023,城市之光,城市之光(光谷一路),2,2,江夏区,2020/2/22,114.444785,30.479884,114.438517,30.473654,114.4330306,30.47599792
1024,宜盛花园,宜盛花园,8,5,江夏区,2020/2/22,114.448001,30.478437,114.44142,30.472541,114.4359405,30.47489002
1028,豹_九龙湖,九龙湖社区,20,1,江夏区,2020/2/22,114.56144,30.502828,114.557617,30.459548,114.5525222,30.46219847
1091,山水年华,北大资源山水年华,1,0,江夏区,2020/2/23,114.545623,30.502297,114.539037,30.49665,114.5338893,30.49925149
1093,花山郡,江南花山郡,5,0,江夏区,2020/2/23,114.497971,30.564892,114.349935,30.36734,114.3444403,30.3697295
1095,当代卡梅尔小镇,当代卡梅尔小镇,16,3,江夏区,2020/2/23,114.447318,30.432512,114.440802,30.4267,114.435325,30.42905923
1096,水晶郦都,天纵水晶郦都,5,2,江夏区,2020/2/23,114.446448,30.438075,114.440284,30.433341,114.4348052,30.43569786
1143,玉龙岛花园,玉龙岛花园,9,7,江夏区,2020/2/24,114.379369,30.445621,114.372688,30.439222,114.3671606,30.44156355
1144,光谷麦郡,光谷麦郡,2,1,江夏区,2020/2/24,114.388319,30.443754,114.381501,30.43765,114.375968,30.43998302
1147,桃花源小区,桃花源北区,10,1,江夏区,2020/2/24,114.542487,30.485262,114.536135,30.479316,114.5309797,30.48191532
1148,谷尚居小区,谷尚居,4,1,江夏区,2020/2/24,114.440163,30.454457,114.433636,30.448696,114.4281412,30.45103906
1149,金地艺境小区,金地・艺境,2,0,江夏区,2020/2/24,114.44203,30.450517,114.435501,30.444984,114.4300104,30.44733062
1150,光谷春天小区,平安・光谷春天,3,1,江夏区,2020/2/24,114.367789,30.876721,114.437876,30.441431,114.4323909,30.44378208
1151,当代国际城小区,当代国际城,4,0,江夏区,2020/2/24,114.441988,30.447155,114.435539,30.440896,114.4300489,30.44324366
1152,万科魅力之城,万科・魅力之城,11,7,江夏区,2020/2/24,114.445483,30.453055,114.437184,30.449612,114.4316967,30.45196003
1153,佛奥俊贤雅居,佛奥・俊贤雅居,1,0,江夏区,2020/2/24,114.435779,30.462939,114.430345,30.455855,114.4248432,30.45819194
1154,旭辉御府,旭辉・御府,4,1,江夏区,2020/2/24,114.454319,30.458797,114.448073,30.451548,114.4426122,30.45391468
1156,长泰花园小区,长泰花园(红花路),1,0,江夏区,2020/2/24,114.314282,30.421487,114.312167,30.4028,114.3067289,30.40525338
1166,金地花园小区,金地花园小区,14,4,江夏区,2020/2/25,114.332618,30.369596,114.326042,30.363722,114.3205853,30.36615647
1169,南湖社区,南湖社区,9,20,江夏区,2020/2/20,114.310707,30.502548,114.374071,30.462943,114.3685404,30.46527712
1,丰竹园小区,丰竹园,9,33,江汉区,2020/2/4,114.243967,30.616619,114.238413,30.610576,114.2329828,30.61302963
51,海虹景,海虹景,4,3,江汉区,2020/2/9,114.284254,30.619731,114.277712,30.613755,114.2722931,30.6161951
52,海虹公寓,海虹公寓,1,1,江汉区,2020/2/9,114.283099,30.620809,114.276603,30.61484,114.2711846,30.61728076
55,三眼桥北路,银行宿舍(三眼桥北路),2,0,江汉区,2020/2/9,114.286228,30.620417,114.278082,30.610654,114.2726632,30.61309497
56,桥梁宿舍,桥梁宿舍,2,2,江汉区,2020/2/9,114.283138,30.617578,114.276654,30.611643,114.2712359,30.61408501
57,工人新村,工人新村,5,6,江汉区,2020/2/9,114.282408,30.618282,114.275177,30.612351,114.2697595,30.61479413
62,锦绣人家,锦绣人家(新湾三路),10,11,江汉区,2020/2/9,114.258609,30.628899,114.252179,30.622564,114.2467596,30.62501498
63,邮政宿舍,邮政宿舍(红旗渠路),4,3,江汉区,2020/2/9,114.262038,30.630726,114.255567,30.624509,114.250149,30.62695863
64,京华时代,京华时代,1,2,江汉区,2020/2/9,114.267364,30.630288,114.260889,30.62413,114.2554726,30.62657805
65,红旗公寓,红旗公寓,5,5,江汉区,2020/2/9,114.262426,30.629336,114.255887,30.623087,114.2504693,30.62553714
67,新华家园,新华家园,10,14,江汉区,2020/2/9,114.270377,30.631877,114.2639,30.626871,114.2584836,30.62931646
69,香缇美景,香缇美景,14,23,江汉区,2020/2/9,114.23689,30.623029,114.230359,30.616694,114.2249176,30.61914056
70,东方名都,东方名都(江发路),4,6,江汉区,2020/2/9,114.244718,30.629801,114.238339,30.623468,114.2329076,30.62591632
71,万科城,万科城(江振路),11,10,江汉区,2020/2/9,114.241644,30.632413,114.234622,30.625901,114.2291858,30.62834648
72,迎宾花园,迎宾花园(江兴路),1,1,江汉区,2020/2/9,114.243294,30.63177,114.236853,30.62543,114.2314197,30.62787683
73,金盾花园,金盾花园(江达路),2,3,江汉区,2020/2/9,114.240023,30.624515,114.233616,30.618144,114.2281791,30.6205921
76,华苑小区,华苑小区(红旗渠路),23,26,江汉区,2020/2/9,114.269332,30.633918,114.261299,30.627312,114.2558823,30.62975855
139,浩海小区,浩海小区(红旗渠路),23,21,江汉区,2020/2/10,114.264532,30.63294,114.257865,30.626711,114.2524476,30.62915909
143,日月华庭,日月华庭(马场一路),3,5,江汉区,2020/2/10,114.272304,30.61777,114.26589,30.611752,114.2604749,30.61420254
144,万达小区,万达广场小区,6,6,江汉区,2020/2/10,114.274467,30.61767,114.268005,30.611658,114.2625897,30.61410721
145,大唐新都,大唐新都,1,2,江汉区,2020/2/10,114.277064,30.617676,114.270724,30.611723,114.2653081,30.6141702
148,万科汉口传奇,万科汉口传奇,8,8,江汉区,2020/2/10,114.270071,30.630099,114.263318,30.620992,114.2579021,30.62344021
149,学林华府小区,学林华府,8,5,江汉区,2020/2/10,114.22035,30.521554,114.260451,30.622327,114.2550346,30.62477598
150,文锦苑小区,文锦苑(常青一路),1,4,江汉区,2020/2/10,114.398142,30.514321,114.257837,30.622036,114.25242,30.62448604
151,盛丰花园小区,盛丰花园小区,1,2,江汉区,2020/2/10,114.273089,30.629839,114.26656,30.623759,114.2611438,30.62620421
152,万科锦园小区,万科锦园,1,0,江汉区,2020/2/10,114.382143,30.50061,114.256126,30.621992,114.2507085,30.62444254
153,凌云小区,江汉区万松街凌云社区,6,5,江汉区,2020/2/10,114.252186,30.593469,114.246478,30.587318,114.2410578,30.58978294
155,顶绣晶城,顶_晶城2期,7,8,江汉区,2020/2/10,114.278716,30.625654,114.272499,30.620223,114.2670819,30.62266529
156,雅苑公寓,雅苑公寓(发展大道),1,2,江汉区,2020/2/10,114.400388,30.641731,114.273877,30.619988,114.2684594,30.6224292
157,汉和惠苑,汉和蕙苑,1,1,江汉区,2020/2/10,114.279196,30.628743,114.272461,30.622678,114.2670437,30.62511931
186,超级家装一号,超级家装1号,1,0,江汉区,2020/2/10,114.272367,30.623449,114.265986,30.617508,114.2605704,30.61995614
419,万松小区,万松小区(雪松路),3,5,江汉区,2020/2/13,114.274237,30.59853,114.268598,30.591808,114.2631843,30.59426464
420,万松园路,同成广场(万松园路),12,2,江汉区,2020/2/13,114.273254,30.595364,114.266002,30.593129,114.2605885,30.59558684
421,万松园正街,武广农林局宿舍,4,0,江汉区,2020/2/13,114.278095,30.596516,114.27142,30.59039,114.2660058,30.59284506
425,添翼苑,添翼苑,1,3,江汉区,2020/2/13,114.258544,30.593268,114.252617,30.587174,114.2472009,30.58963901
430,空装居乐苑,空装居乐苑,2,0,江汉区,2020/2/13,114.245658,30.594719,114.239271,30.588271,114.2338437,30.59073374
570,市环保局宿舍,市环保局宿舍,2,1,江汉区,2020/2/14,114.283617,30.610182,114.267075,30.61972,114.2616591,30.62216654
571,蓝色天际,蓝色天际(八古墩西三巷),4,6,江汉区,2020/2/14,114.275034,30.626982,114.268562,30.620915,114.2631458,30.62336005
572,顶绣国际城A区,顶_国际城,6,6,江汉区,2020/2/14,114.275965,30.62546,114.268251,30.618586,114.262835,30.62103222
575,新大陆城市花园,新大陆城市花园,4,6,江汉区,2020/2/14,114.274716,30.62565,114.268357,30.619464,114.2629409,30.62190979
577,阳光新苑,阳光新苑,7,0,江汉区,2020/2/14,114.258854,30.638733,114.251932,30.632062,114.2465116,30.63450903
578,福星华府,福星华府,14,3,江汉区,2020/2/14,114.256978,30.640883,114.250497,30.634566,114.2450756,30.63701205
579,红光小区,红光小区(新湾四路),8,2,江汉区,2020/2/14,114.254999,30.637461,114.250068,30.629611,114.2446467,30.63205916
582,盛世江城,盛世江城,6,3,江汉区,2020/2/14,114.251617,30.638742,114.246682,30.632972,114.241258,30.63541858
583,万景橘苑,万景橘苑,3,0,江汉区,2020/2/14,114.257043,30.638817,114.250576,30.632502,114.2451548,30.63494893
590,新村街道铁北社区,中铁北苑,4,15,江汉区,2020/2/14,114.314283,30.639149,114.238047,30.617157,114.2326158,30.6196078
656,和平社区,和平社区,25,20,江汉区,2020/2/14,114.36562,30.617855,114.292728,30.56866,114.2873009,30.57109882
695,江北社区,江北社区(江汉北路),4,1,江汉区,2020/2/14,114.284176,30.594671,114.277643,30.588787,114.2722263,30.59123701
737,正街社区,正街社区(北湖正街),22,20,江汉区,2020/2/15,114.279444,30.606306,114.27293,30.600275,114.2675144,30.60272496
797,和祥里社区,和祥里社区,23,46,江汉区,2020/2/16,114.268155,30.635512,114.261581,30.629529,114.2561642,30.63197449
798,凯旋家园,凯旋佳园,3,2,江汉区,2020/2/16,114.248097,30.619618,114.24179,30.613214,114.2363633,30.61566777
878,唐蔡社区,唐蔡社区,34,26,江汉区,2020/2/18,114.280918,30.62451,114.273897,30.618456,114.2684795,30.62089781
976,花山街杏园,杏园F座,17,1,江汉区,2020/2/21,114.528063,30.5449,114.283227,30.606572,114.2778052,30.60900891
989,东方帝园,东方帝园,5,9,江汉区,2020/2/21,114.265765,30.624132,114.259239,30.617867,114.2538228,30.62031829
991,唐家墩街西桥社区,西桥社区,58,81,江汉区,2020/2/21,114.284843,30.617656,114.280629,30.610919,114.2752087,30.61335715
992,馨苑小区,馨苑小区,6,1,江汉区,2020/2/21,114.260468,30.633764,114.254007,30.627684,114.2485881,30.63013261
1039,姑嫂树社区,园丁苑小区,55,11,江汉区,2020/2/22,114.25954,30.64166,114.25899,30.632576,114.2535724,30.63502125
1098,横堤社区,横堤社区,33,20,江汉区,2020/2/23,114.271384,30.604689,114.266564,30.602692,114.2611496,30.60514575
1157,循礼社区,循礼社区,20,12,江汉区,2020/2/24,114.288139,30.591591,114.281225,30.585813,114.2758064,30.58826032
1158,电业社区,电力社区(妙墩路),30,10,江汉区,2020/2/24,114.27006,30.591532,114.260463,30.590105,114.2550494,30.59256683
34,武汉天地御江苑,御江苑(黄浦大街),5,0,江岸区,2020/2/8,114.319213,30.614957,114.312696,30.609239,114.3072393,30.61162919
35,常阳永清城,常阳・永清城,12,0,江岸区,2020/2/8,114.314207,30.615161,114.307696,30.609465,114.3022466,30.61186405
54,荷花池,荷花池小区,2,0,江岸区,2020/2/9,114.500715,30.504688,114.286912,30.60193,114.2814876,30.60436419
77,东立国际,东立国际,12,36,江岸区,2020/2/9,114.320945,30.632217,114.312675,30.624474,114.307217,30.626858
79,常青国际小区,国际百纳,8,0,江岸区,2020/2/9,114.238973,30.627841,114.283617,30.63788,114.2781922,30.64030349
93,湖边坊社区,湖边坊社区,14,28,江岸区,2020/2/9,114.301906,30.608089,114.295615,30.602324,114.2901818,30.60474576
160,统建新干线小区,统建新干线,2,2,江岸区,2020/2/10,114.345824,30.671912,114.33944,30.665758,114.3339354,30.66807351
162,统建新干线小区,统建新干线,2,0,江岸区,2020/2/10,114.345824,30.671912,114.33944,30.665758,114.3339354,30.66807351
165,同德小区,同德小区(二曜小路),1,7,江岸区,2020/2/10,114.31051,30.601732,114.30393,30.596074,114.298487,30.59848484
216,半岛豪庭,半岛豪庭(京汉大道),2,4,江岸区,2020/2/11,114.309734,30.608233,114.303087,30.602516,114.2976445,30.60492573
217,太平街110号,四唯街道太平社区,1,1,江岸区,2020/2/11,114.307193,30.605519,114.302024,30.602389,114.296583,30.60480055
218,进化村110号,进化村,2,0,江岸区,2020/2/11,114.308999,30.6073,114.302675,30.601328,114.2972332,30.60373889
219,进化村113号,进化村113号,1,0,江岸区,2020/2/11,114.308999,30.6073,114.302258,30.601782,114.2968167,30.6041934
220,进化村114号,进化村114号,1,0,江岸区,2020/2/11,114.308999,30.6073,114.302027,30.601834,114.296586,30.60424577
221,进化村117号,进化村117号,1,0,江岸区,2020/2/11,114.308999,30.6073,114.302268,30.601649,114.2968267,30.60406044
224,九运京汉名都A座,九运京汉名都,3,5,江岸区,2020/2/11,114.308642,30.606245,114.301956,30.600942,114.2965152,30.60335424
229,越秀星汇君泊,越秀星汇君泊,13,5,江岸区,2020/2/11,114.288174,30.654221,114.281597,30.64836,114.2761728,30.65078132
230,尚湖熙园,尚湖熙园,2,0,江岸区,2020/2/11,114.284681,30.652155,114.278232,30.64638,114.27281,30.64880583
231,梦湖香郡,梦湖香郡,1,1,江岸区,2020/2/11,114.278609,30.655563,114.272235,30.649637,114.2668154,30.652067
233,东方明珠小区,新地・东方明珠,2,0,江岸区,2020/2/11,114.392741,30.727185,114.298723,30.637937,114.2932831,30.64033926
234,东方华府&天上人间,天上人间,3,15,江岸区,2020/2/11,114.304894,30.640643,114.298321,30.634948,114.2928818,30.63735217
236,连城小区,江岸区连城小区,2,3,江岸区,2020/2/11,114.329172,30.638593,114.322598,30.632722,114.3171237,30.635084
239,车站街三德社区,三德里(车站路),10,28,江岸区,2020/2/11,114.306115,30.597741,114.299516,30.592049,114.2940791,30.59446868
240,保成社区,保成社区,22,26,江岸区,2020/2/11,114.29722,30.589374,114.289799,30.58312,114.2843736,30.5855576
282,城市广场,长青广场,5,0,江岸区,2020/2/12,114.580832,30.675262,114.297658,30.591176,114.2922234,30.59359896
320,青青美庐,青青美庐,2,7,江岸区,2020/2/12,114.296419,30.637666,114.289848,30.631966,114.2844184,30.63438398
321,上海公馆小区,光明上海公馆,7,3,江岸区,2020/2/12,114.292009,30.658889,114.28513,30.653027,114.2797027,30.65544206
322,东勤佳苑,东勤佳苑,2,0,江岸区,2020/2/12,114.328848,30.669434,114.322627,30.663374,114.3171499,30.66572256
323,堤角小区,堤角小区,28,0,江岸区,2020/2/12,114.342993,30.661972,114.336643,30.655852,114.3311437,30.65817719
324,东方恒星园小区,东方恒星园,1,8,江岸区,2020/2/12,114.29384,30.639395,114.287205,30.633614,114.2817777,30.63603482
429,机场社区协调中心,王家墩机场小区,1,0,江岸区,2020/2/13,114.256551,30.592537,114.277762,30.591012,114.2723451,30.59346104
431,花桥街长惠社区,花桥街花桥社区,24,4,江岸区,2020/2/13,114.289438,30.628679,114.284788,30.611813,114.2793646,30.61424592
433,同安家园,同安家园,12,55,江岸区,2020/2/13,114.307305,30.656127,114.300663,30.650494,114.2952196,30.6528877
434,汉口花园社区,汉口花园,51,7,江岸区,2020/2/13,114.140229,30.332958,114.266403,30.632657,114.260986,30.63509857
435,红桥新城,红桥新城,7,12,江岸区,2020/2/13,114.289294,30.629676,114.282715,30.623876,114.2772921,30.62630647
584,日月星城,日月星城,10,2,江岸区,2020/2/14,114.29006,30.639998,114.283519,30.634551,114.2780946,30.63697603
585,中一花园,中一花园,9,3,江岸区,2020/2/14,114.288247,30.640517,114.280075,30.634633,114.274653,30.63706193
586,国际百纳,国际百纳,4,6,江岸区,2020/2/14,114.289812,30.642542,114.283617,30.63788,114.2781922,30.64030349
587,君安花园,富士・君安花园,16,0,江岸区,2020/2/14,114.277198,30.645552,114.270587,30.639542,114.2651688,30.6419777
588,星悦城一期,星悦城(秋桂街),9,31,江岸区,2020/2/14,114.277191,30.643982,114.270644,30.638009,114.2652259,30.64044532
592,统建新干线小区,统建新干线,2,0,江岸区,2020/2/14,114.345824,30.671912,114.33944,30.665758,114.3339354,30.66807351
594,富强天合园,富强・天合园,3,3,江岸区,2020/2/14,114.28631,30.648285,114.279709,30.642443,114.2742865,30.64486898
595,富强天合熙园,富强・天合熙园,2,1,江岸区,2020/2/14,114.282284,30.644535,114.275707,30.638564,114.270287,30.64099571
596,融创公园壹号二期,融创公园壹号,2,1,江岸区,2020/2/14,114.2829,30.645747,114.276876,30.639815,114.2714553,30.64224504
688,军安社区,江岸君安花园,4,2,江岸区,2020/2/14,114.584877,30.66244,114.270714,30.63961,114.2652957,30.64204558
726,安居苑,安居苑,6,8,江岸区,2020/2/15,114.327428,30.654288,114.321879,30.648761,114.3164044,30.65111746
739,美联社区,美联・公园前,32,25,江岸区,2020/2/15,114.293779,30.628591,114.334562,30.661535,114.3290656,30.66386159
740,黄浦社区,花桥街黄浦社区(黄浦大街),21,24,江岸区,2020/2/15,114.310714,30.621024,114.292821,30.620945,114.2873893,30.62336339
741,塔子湖社区,塔子湖街道中星社区,23,0,江岸区,2020/2/15,114.290543,30.663519,114.283393,30.633283,114.2779688,30.63570872
761,同德社区港湾江城,同德小区(二曜小路),3,3,江岸区,2020/2/15,114.200582,30.466009,114.30393,30.596074,114.298487,30.59848484
799,石桥社区,石桥花园,31,0,江岸区,2020/2/16,114.271818,30.632639,114.271828,30.631207,114.2664101,30.63364526
811,安居苑,安居苑,1,2,江岸区,2020/2/16,114.327428,30.654288,114.321879,30.648761,114.3164044,30.65111746
844,华清园,华清园,15,10,江岸区,2020/2/17,114.308104,30.602225,114.301446,30.596595,114.2960062,30.59900978
845,民福金堡,民福金堡,8,1,江岸区,2020/2/17,114.308113,30.600704,114.301211,30.594905,114.2957717,30.59732082
846,中福时代,中福时代,2,0,江岸区,2020/2/17,114.306682,30.601935,114.300171,30.59625,114.2947329,30.598667
847,新直街,新直街,8,16,江岸区,2020/2/17,114.30695,30.602061,114.300505,30.596303,114.2950664,30.59871943
849,和美社区,台北街和美社区,23,27,江岸区,2020/2/17,114.286935,30.601347,114.280386,30.595642,114.2749671,30.59808647
850,宝岛社区,宝岛社区,28,29,江岸区,2020/2/17,114.287538,30.603354,114.281114,30.597619,114.2756945,30.60006189
1040,罗家墩社区,罗家庄社区(建设大道),41,81,江岸区,2020/2/22,114.278975,30.488947,114.302431,30.621241,114.2969878,30.62364425
1099,后湖苑社区,后湖苑社区,37,43,江岸区,2020/2/23,114.29801,30.64278,114.289513,30.639881,114.284083,30.64229607
1110,田园社区,田园小区,10,6,江岸区,2020/2/23,114.149956,30.62505,114.275224,30.621833,114.2698057,30.62427221
115,湖口还建社区,下集还建小区,6,0,黄陂区,2020/2/10,114.495667,30.504823,114.276313,30.707485,114.2708868,30.70988457
259,万象城小区,万象城,2,0,黄陂区,2020/2/11,114.287131,30.605085,114.371474,30.890195,114.365908,30.89234118
260,冰晶兰小区,冰晶兰馨苑,1,15,黄陂区,2020/2/11,114.376104,30.895496,114.367988,30.890403,114.3624252,30.89255342
264,梅园小区,梅园小区,1,1,黄陂区,2020/2/11,114.372146,30.875492,114.365706,30.869123,114.3601474,30.87128875
268,金龙四季阳光,金龙・四季阳光,3,6,黄陂区,2020/2/11,114.366924,30.87889,114.360608,30.872537,114.3550549,30.87470812
269,南德国际城,南德国际城,5,19,黄陂区,2020/2/11,114.379994,30.893142,114.37824,30.88684,114.3726693,30.88898077
270,人信城小区,人信城,3,6,黄陂区,2020/2/11,114.379939,30.898208,114.373399,30.891894,114.3678313,30.89403695
384,建材社区,建材社区,17,23,黄陂区,2020/2/13,114.437612,30.780815,114.431027,30.7751,114.4254986,30.77730935
432,二七街联合社区,联合小区,10,21,黄陂区,2020/2/13,114.304973,30.632329,114.339795,31.014398,114.3342592,31.01652192
474,歌林花园,歌林花园,6,10,黄陂区,2020/2/13,114.261599,30.715128,114.255997,30.708505,114.250572,30.71091654
478,美景天城,美景天城,1,7,黄陂区,2020/2/13,114.295612,30.711045,114.289139,30.705404,114.2837037,30.70778959
481,天纵城,天纵城,2,0,黄陂区,2020/2/13,114.310399,30.699292,114.303901,30.693647,114.2984496,30.69601559
484,领袖城小区,领袖城,2,14,黄陂区,2020/2/13,114.389788,30.61178,114.262685,30.710938,114.2572613,30.7133459
487,颐景康城小区,颐景康城,1,3,黄陂区,2020/2/13,114.269059,30.726739,114.262561,30.720697,114.2571364,30.72310016
489,恒大龙城3期,恒大龙城,2,0,黄陂区,2020/2/13,114.240688,30.724849,114.231913,30.718591,114.226465,30.72099248
490,尚_瑞府,尚_瑞府,1,0,黄陂区,2020/2/13,114.229283,30.730196,114.222856,30.723953,114.2173928,30.72634444
676,F学府,F・学府,2,1,黄陂区,2020/2/14,114.255531,30.737894,114.24922,30.732252,114.2437893,30.73465255
679,汉口湖畔,汉口湖畔,1,7,黄陂区,2020/2/14,114.262374,30.733805,114.255875,30.727824,114.2504482,30.73022604
680,橄榄城,万润橄榄城,1,4,黄陂区,2020/2/14,114.250401,30.729974,114.243968,30.723672,114.2385338,30.72607624
681,恒大名都,恒大名都(巨龙大道),4,11,黄陂区,2020/2/14,114.298878,30.705306,114.292707,30.696032,114.2872689,30.69841709
683,F阳光城,F.阳光城,2,6,黄陂区,2020/2/14,114.298086,30.709392,114.291534,30.70364,114.2860965,30.70602313
684,香奈天鹅湖,香奈・天鹅湖,1,1,黄陂区,2020/2/14,114.295406,30.705598,114.288696,30.699623,114.2832616,30.70201198
689,高潮社区,高车社区,1,2,黄陂区,2020/2/14,114.574761,30.66848,114.395142,30.729293,114.3895809,30.73150881
718,龙城社区,龙城小区(露甲山路),14,11,黄陂区,2020/2/15,114.820666,30.845747,114.24616,30.709761,114.240729,30.71217247
924,露甲山社区,盘龙・新天地,6,12,黄陂区,2020/2/19,114.250902,30.701937,114.244334,30.708364,114.2389015,30.71077585
1067,名流人和天地润和园,人和天地润和园,4,3,黄陂区,2020/2/22,114.284702,30.717651,114.278161,30.711831,114.2727334,30.71422661
1069,日月山水小区,日月山水,12,0,黄陂区,2020/2/22,114.307737,30.700463,114.298795,30.694749,114.2933501,30.69712545
1129,中城时代小区,中城时代,8,5,黄陂区,2020/2/23,114.291353,30.70865,114.284876,30.702831,114.2794446,30.70522336
1130,中城时代公租房,中城时代,7,3,黄陂区,2020/2/23,114.316867,30.503005,114.284876,30.702831,114.2794446,30.70522336
1142,荷叶山还建小区,天河还建小区,6,5,黄陂区,2020/2/24,114.388547,30.887854,114.217215,30.807195,114.2117338,30.8095368
10,左岭新城朝阳社区,九号铺子高新大道朝阳社区,10,0,洪山区,2020/2/7,114.632388,30.496329,114.620384,30.490208,114.6153285,30.49287491
11,左岭新城星芯社区,左岭街星芯社区,10,0,洪山区,2020/2/7,114.628789,30.497329,114.622314,30.491192,114.6172566,30.49385678
18,中南管道小区,中南管道小区,1,0,洪山区,2020/2/8,114.24924,30.384719,114.280588,30.492514,114.2751779,30.49499322
19,鑫宇花园,保利・心语,6,2,洪山区,2020/2/8,114.288992,30.490527,114.323301,30.479692,114.3178388,30.48210632
20,清润家园,青润家园,4,0,洪山区,2020/2/8,114.289476,30.494201,114.282939,30.488452,114.2775276,30.49092969
26,阳光在线小区,阳光在线小区,3,0,洪山区,2020/2/8,114.410496,30.50095,114.403342,30.495155,114.3978042,30.4974638
39,花样幸福万象,花样年・花郡(武丰路),1,1,洪山区,2020/2/9,114.39347,30.614545,114.385582,30.60739,114.3800325,30.60966592
41,岳家嘴小区,湖北省电力岳家嘴小区,29,16,洪山区,2020/2/9,114.372731,30.587442,114.366303,30.581114,114.3607691,30.58342022
42,阳光尚东,阳光・尚东,6,2,洪山区,2020/2/9,114.411997,30.501206,114.405354,30.495347,114.3998173,30.49765592
43,花山街橘园,橘园,3,4,洪山区,2020/2/9,114.528063,30.5449,114.516908,30.523575,114.5116831,30.52610908
53,浅水湾,保利・浅水湾,4,3,洪山区,2020/2/9,114.374115,30.881568,114.361879,30.50482,114.3563567,30.50715827
75,红玫苑,泰然・南湖玫瑰湾二期红玫苑,4,5,洪山区,2020/2/9,114.270129,30.634188,114.343333,30.486696,114.3378379,30.4890705
87,丽湖花园,丽湖花园(文治街),3,3,洪山区,2020/2/9,114.349054,30.505133,114.342444,30.499309,114.3369491,30.50168148
103,玉龙居,东方玉龙居,7,7,洪山区,2020/2/10,114.306542,30.59075,114.390864,30.609219,114.3853134,30.61149104
106,保利公园九里,保利・公园九里(南湖路),14,32,洪山区,2020/2/10,114.313278,30.514458,114.306455,30.507834,114.3010161,30.51027112
107,双建社区楚天都市沁园,楚天都市沁园,1,4,洪山区,2020/2/10,114.296696,30.461452,114.291347,30.455034,114.2859311,30.45750971
109,新绿美地社区石化小区,新绿美地,2,2,洪山区,2020/2/10,114.354502,30.600166,114.357579,30.589366,114.3520546,30.5916819
116,左岭新城玉泉社区,左岭街玉泉社区,13,0,洪山区,2020/2/10,114.620607,30.498788,114.614154,30.49253,114.609103,30.49520127
117,花山街梅园,梅园社区,3,3,洪山区,2020/2/10,114.528063,30.5449,114.514683,30.522344,114.50945,30.52487201
118,花山街棠园,竹园社区,12,7,洪山区,2020/2/10,114.528063,30.5449,114.517295,30.520452,114.5120718,30.52298819
120,花山街桂园,碧桂园生态城,5,4,洪山区,2020/2/10,114.528063,30.5449,114.497565,30.549922,114.492265,30.5523898
121,亿达云山湖,亿达云山湖,5,1,洪山区,2020/2/10,114.515414,30.564308,114.509016,30.558168,114.5037588,30.56066727
133,白沙洲街邮电社区,白沙洲花园小区,14,0,洪山区,2020/2/10,114.30884,30.520154,114.269645,30.494572,114.2642394,30.49706077
134,华大家园,华大家园,1,1,洪山区,2020/2/10,114.340481,30.491138,114.334073,30.485009,114.3285928,30.48740126
191,康卓新城,康卓新城,2,11,洪山区,2020/2/11,114.390806,30.503678,114.384001,30.499478,114.3784615,30.50179266
193,列电小区,列电社区,7,1,洪山区,2020/2/11,114.301224,30.5116,114.294643,30.505951,114.2892192,30.50840786
194,保利才盛景苑,保利・才盛景苑,4,2,洪山区,2020/2/11,114.362518,30.607494,114.356397,30.60122,114.3508731,30.60353317
196,瑞城佳苑,瑞成佳苑,2,0,洪山区,2020/2/11,114.4432,30.506414,114.436781,30.500641,114.4312884,30.50297459
197,九峰清和里,九峰街清和里社区,2,2,洪山区,2020/2/11,114.494828,30.505416,114.488395,30.499101,114.4830645,30.5015577
255,满庭春小区,光谷满庭春MOMΛ焕城,1,2,洪山区,2020/2/11,114.119913,30.473709,114.492338,30.473447,114.4870246,30.47592264
274,保利心语社区,保利・心语,22,30,洪山区,2020/2/12,114.335107,30.473163,114.323301,30.479692,114.3178388,30.48210632
275,东湖庭园,东湖庭园,14,15,洪山区,2020/2/12,114.385266,30.596596,114.378807,30.590287,114.3732621,30.59257523
276,时尚欧洲小区,时尚欧洲,4,0,洪山区,2020/2/12,114.353977,30.597119,114.347553,30.591369,114.3420423,30.59370095
277,金银岛花园,金银岛花园,3,0,洪山区,2020/2/12,114.355007,30.597735,114.34855,30.591423,114.3430379,30.59375317
278,金银岛小区,金银岛花园,2,0,洪山区,2020/2/12,114.355007,30.597735,114.34855,30.591423,114.3430379,30.59375317
279,徐东馨苑,徐东馨苑,14,2,洪山区,2020/2/12,114.356269,30.599125,114.349835,30.592677,114.3443209,30.59500445
280,徐东村小区,徐东村小区,1,1,洪山区,2020/2/12,114.352609,30.596686,114.346109,30.590496,114.3406006,30.59283085
283,徐东朗苑A座,徐东朗苑a号,1,0,洪山区,2020/2/12,114.359843,30.602438,114.353113,30.595874,114.3475939,30.59819464
284,保利城社区,保利城,21,23,洪山区,2020/2/12,114.364634,30.601456,114.358457,30.594967,114.352931,30.59727937
286,东亭新嘉源,东亭新嘉源小区,10,7,洪山区,2020/2/12,114.379934,30.594224,114.373517,30.588448,114.3679759,30.59074246
287,嘉隆小区,嘉隆小区,1,1,洪山区,2020/2/12,114.369266,30.587275,114.362883,30.580877,114.3573529,30.5831881
289,通惠社区,洪山区狮子山街通惠社区服务站,16,7,洪山区,2020/2/12,114.317616,30.498752,114.310728,30.493149,114.3052842,30.49558292
290,武铁佳苑社区,武铁佳苑,32,21,洪山区,2020/2/12,114.358707,30.595355,114.353205,30.589345,114.3476864,30.59166801
291,保利蓝海郡,保利蓝海郡,11,7,洪山区,2020/2/12,114.381065,30.499433,114.374187,30.493164,114.3686537,30.49548972
292,保利新武昌,保利・新武昌(建设中),3,1,洪山区,2020/2/12,114.322549,30.559567,114.296423,30.494997,114.2909981,30.4974544
293,保利浅水湾,保利・浅水湾,1,2,洪山区,2020/2/12,114.368279,30.511626,114.361879,30.50482,114.3563567,30.50715827
294,中铁花园,中铁花园,23,30,洪山区,2020/2/12,114.36532,30.605966,114.358942,30.599657,114.3534149,30.60196678
296,关南社区一二期,关南小区,5,1,洪山区,2020/2/12,114.439473,30.484425,114.410615,30.472443,114.4050843,30.47475964
299,虹景花园,虹景花园,2,0,洪山区,2020/2/12,114.43018,30.51728,114.423973,30.509637,114.4184555,30.5119519
303,左岭新城凤鸣社区,左岭新城第一社区,20,0,洪山区,2020/2/12,114.620435,30.495761,114.625297,30.490522,114.6202365,30.49318387
304,左岭新城白浒社区,左岭街白浒社区,7,0,洪山区,2020/2/12,114.414161,30.520598,114.615582,30.494825,114.6105299,30.49749459
305,九峰明畅里,九峰街・明畅里社区,9,9,洪山区,2020/2/12,114.490381,30.504781,114.484439,30.497749,114.4790938,30.5001945
373,关西社区,关西小区,12,16,洪山区,2020/2/13,114.393356,30.504531,114.387047,30.498299,114.3815067,30.50061187
374,青城华府,福星惠誉・青城华府,19,2,洪山区,2020/2/13,114.395319,30.621855,114.388828,30.61571,114.383277,30.6179805
375,复地悦城,复地・悦城,14,6,洪山区,2020/2/13,114.296746,30.496074,114.293033,30.490692,114.2876123,30.49315572
376,港东名居一期,物业服务中心武汉港东名居1期,16,7,洪山区,2020/2/13,114.376143,30.60918,114.369143,30.601951,114.3636045,30.60424546
378,金域天下小区,金域天下,13,23,洪山区,2020/2/13,114.298313,30.486618,114.290195,30.480864,114.284778,30.48333451
379,万象新城小区,富强・万象新城,5,7,洪山区,2020/2/13,114.302663,30.489696,114.296098,30.484012,114.2906745,30.48647303
380,新世纪社区,新世纪社区便民服务室,12,8,洪山区,2020/2/13,114.801949,30.935357,114.355028,30.588658,114.349507,30.59097826
381,白马馨居,白马馨居,14,11,洪山区,2020/2/13,114.425539,30.605872,114.415956,30.600114,114.4104196,30.60239093
382,清江锦城,清能清江锦城・玺园,11,0,洪山区,2020/2/13,114.296112,30.477573,114.294492,30.474096,114.2890711,30.47656218
383,万科金色城市,金色城市,26,14,洪山区,2020/2/13,114.268471,30.488003,114.260459,30.483772,114.2550545,30.48626914
386,波光霞影一期,波光霞影,9,9,洪山区,2020/2/13,114.298027,30.493978,114.290619,30.48876,114.2852009,30.49122771
388,湘龙鑫城,湘龙鑫城,16,27,洪山区,2020/2/13,114.273505,30.481574,114.267016,30.47549,114.2616125,30.47798595
391,青年城小区一期,光谷青年城,21,18,洪山区,2020/2/13,114.389788,30.61178,114.402269,30.492236,114.3967309,30.49454562
393,金地格林东郡,金地・格林东郡,10,4,洪山区,2020/2/13,114.412254,30.491328,114.405746,30.485425,114.4002104,30.48773681
394,万科锦城,万科锦程,8,5,洪山区,2020/2/13,114.413226,30.502592,114.406455,30.496085,114.400919,30.49839388
396,成园小区,成园小区,11,0,洪山区,2020/2/13,114.448871,30.504023,114.44231,30.498099,114.4368304,30.50044238
399,左岭新城五岭社区,左岭新城・黄陂岭社区,7,0,洪山区,2020/2/13,114.242183,30.939961,114.622657,30.489902,114.6175993,30.49256681
441,市体育馆,谕旨翰林院,2,1,洪山区,2020/2/13,114.395502,30.619055,114.423879,30.509516,114.4183614,30.51183084
502,领秀城小区,领秀城,1,3,洪山区,2020/2/14,114.381038,30.513027,114.374596,30.506393,114.3690612,30.50871436
503,梨园小区,梨园小区(华电小路),3,4,洪山区,2020/2/14,114.374683,30.583533,114.368244,30.577134,114.3627085,30.57943913
504,徐东嘉园,徐东嘉园,3,5,洪山区,2020/2/14,114.362462,30.589248,114.355767,30.583281,114.3502454,30.58560211
505,东湖尚郡,东湖尚郡,5,7,洪山区,2020/2/14,114.376089,30.591804,114.369724,30.58544,114.3641864,30.58774013
511,景虹花园,景虹花园,17,13,洪山区,2020/2/14,114.328061,30.521466,114.321517,30.515579,114.3160546,30.51798619
513,颐和苑小区,颐和苑,1,1,洪山区,2020/2/14,114.398142,30.514321,114.315195,30.516106,114.3097425,30.51852488
517,气象局宿舍,气象局小区,3,3,洪山区,2020/2/14,114.402661,30.521286,114.394071,30.514601,114.3885287,30.51690543
518,蓝海郡小区,保利蓝海郡,12,7,洪山区,2020/2/14,114.381065,30.499433,114.374187,30.493164,114.3686537,30.49548972
519,南湖锦园小区,南湖・锦园,1,1,洪山区,2020/2/14,114.382143,30.50061,114.376124,30.494294,114.3705892,30.4966173
521,招商雍华府,招商・雍华府,4,8,洪山区,2020/2/14,114.32852,30.504244,114.322006,30.498307,114.3165443,30.50071849
525,金梭花园小区,金梭花园,3,3,洪山区,2020/2/14,114.427568,30.506517,114.420996,30.500599,114.4154748,30.50291393
527,金地中心城,金地・中心城,14,5,洪山区,2020/2/14,114.399412,30.502762,114.392511,30.496824,114.3869701,30.49913439
529,智慧城,当代光谷智慧城(雄楚大道),5,2,洪山区,2020/2/14,114.412796,30.505034,114.406531,30.499168,114.4009947,30.50147599
530,曙光嘉园,当代曙光嘉园,4,1,洪山区,2020/2/14,114.405371,30.498339,114.398803,30.492495,114.3932635,30.49480483
531,明珠花园,明珠花园(雄楚大道),2,3,洪山区,2020/2/14,114.415638,30.503692,114.409088,30.497925,114.4035538,30.50023397
535,建发小区,建发小区,2,0,洪山区,2020/2/14,114.413261,30.477511,114.406677,30.471809,114.4011432,30.47412471
536,三星苑小区,三星苑(紫兰路),8,5,洪山区,2020/2/14,114.488558,30.507734,114.482173,30.501335,114.4768191,30.50377289
544,华侨城社区,华侨城,22,18,洪山区,2020/2/14,114.392366,30.595167,114.379678,30.587205,114.3741328,30.5894936
554,紫兰苑,三星苑(紫兰路),9,3,洪山区,2020/2/14,114.292012,30.520604,114.482173,30.501335,114.4768191,30.50377289
580,公安局宿舍,公安局宿舍,4,0,洪山区,2020/2/14,114.430029,30.510757,114.423419,30.50509,114.417901,30.50740575
649,青翠苑社区,青翠苑,20,8,洪山区,2020/2/14,114.398924,30.624149,114.392197,30.617011,114.3866456,30.61927927
696,张黄新村,张黄新村,1,0,洪山区,2020/2/15,114.333463,30.521688,114.326927,30.515687,114.3214558,30.51808384
697,虹桥家园,虹桥家园,1,1,洪山区,2020/2/15,114.321933,30.459285,114.315423,30.453533,114.3099755,30.45596901
698,长虹桥,长虹桥小区,2,1,洪山区,2020/2/15,114.319421,30.523013,114.309381,30.515707,114.3039373,30.51813657
699,江宏新村,江宏新村小区,4,4,洪山区,2020/2/15,114.319531,30.524937,114.312937,30.519209,114.3074877,30.52163106
703,迪雅花园,迪雅花园,2,1,洪山区,2020/2/15,114.341077,30.521797,114.334295,30.515778,114.3288117,30.51816074
704,金地自在城,金地自在城,28,16,洪山区,2020/2/15,114.392958,30.613137,114.383663,30.604677,114.3781144,30.60695542
706,金地格林小城,金地・格林小城,23,17,洪山区,2020/2/15,114.34265,30.505284,114.336485,30.500074,114.3309995,30.50245736
707,丽华苑社区,丽华苑,11,8,洪山区,2020/2/15,114.369641,30.60188,114.363203,30.595364,114.3576712,30.5976691
708,福临居,福临居,1,0,洪山区,2020/2/15,114.287956,30.476359,114.280777,30.470707,114.2753686,30.47319205
710,喜瑞都,喜瑞都,2,1,洪山区,2020/2/15,114.332139,30.511547,114.285938,30.476599,114.2805253,30.47907632
711,紫云府一期,华润紫云府1期,4,4,洪山区,2020/2/15,114.285654,30.480974,114.279211,30.475151,114.2738032,30.47763656
712,紫云府二期,华润紫云府2期,5,5,洪山区,2020/2/15,114.286973,30.477751,114.28034,30.472064,114.2749318,30.47454917
713,康居园社区,康居园小区,9,9,洪山区,2020/2/15,114.443166,30.508475,114.436526,30.504578,114.4310325,30.50691003
719,关山春晓,关山春晓,10,4,洪山区,2020/2/15,114.421269,30.494034,114.41454,30.488292,114.4090118,30.49060605
720,金地太阳城,金地・太阳城,3,5,洪山区,2020/2/15,114.420707,30.496482,114.414263,30.49073,114.4087343,30.4930432
722,南湖锦城小区,南湖锦城,4,0,洪山区,2020/2/15,114.38597,30.502603,114.379123,30.496032,114.3735861,30.49835182
724,九峰同安里,同安里社区,6,3,洪山区,2020/2/15,114.484003,30.50309,114.477868,30.496997,114.4724988,30.49942393
734,南湖康泰花园,南湖康泰花园,5,7,洪山区,2020/2/15,114.389873,30.502862,114.38404,30.496278,114.3785008,30.49859357
735,东湖御院小区,东湖御院,2,5,洪山区,2020/2/15,114.393557,30.512953,114.38797,30.507205,114.3824287,30.50951464
764,保利拉菲,保利・拉菲,6,9,洪山区,2020/2/16,114.377662,30.50515,114.372673,30.49873,114.3671404,30.50105581
766,洪山街武昌府社区,武昌府,9,2,洪山区,2020/2/16,114.322549,30.559567,114.327922,30.502876,114.3224503,30.50527484
767,东方雅园,东方雅园,62,0,洪山区,2020/2/16,114.405305,30.619048,114.399918,30.613151,114.3943683,30.61541874
768,杨春湖畔,杨春湖畔,2,0,洪山区,2020/2/16,114.423526,30.623981,114.41685,30.618746,114.4113131,30.621016
769,五环社区,五环社区(虎泉街),2,11,洪山区,2020/2/16,114.387158,30.514423,114.38088,30.508103,114.3753411,30.51041763
770,爱家国际社区,爱家国际社区,14,11,洪山区,2020/2/16,114.213541,30.539736,114.36484,30.590623,114.3593068,30.59292762
771,融侨悦府,融侨悦府,11,7,洪山区,2020/2/16,114.372926,30.612921,114.366709,30.606272,114.3611725,30.60856793
772,柴林花园,柴林花园,5,1,洪山区,2020/2/16,114.373606,30.614772,114.367084,30.608304,114.3615469,30.61059861
773,柴林尚城,柴林尚城,3,2,洪山区,2020/2/16,114.37283,30.615634,114.366443,30.609238,114.3609065,30.6115331
775,欧式花园,钢都欧式花园,1,1,洪山区,2020/2/16,114.374742,30.612615,114.368335,30.606263,114.3627969,30.60855679
779,加州阳光小区,加州阳光(加州阳光美食街),3,4,洪山区,2020/2/16,114.411094,30.510755,114.404576,30.504878,114.399038,30.50718401
780,丽岛漫城,丽岛漫城,4,7,洪山区,2020/2/16,114.426603,30.498492,114.419972,30.492748,114.4144501,30.4950644
783,光谷航天城,光谷航天城,2,0,洪山区,2020/2/16,114.491245,30.475792,114.484909,30.469439,114.479568,30.47189378
827,东湖城社区,福星惠誉.东湖城,25,29,洪山区,2020/2/17,114.392701,30.605476,114.386333,30.599389,114.380784,30.60166758
830,芭比伦堡,芭比伦堡,5,2,洪山区,2020/2/17,114.409778,30.475969,114.403191,30.470207,114.3976553,30.47252274
831,枫林上城,紫菘・枫林上城,20,17,洪山区,2020/2/17,114.408418,30.502266,114.398184,30.495676,114.392644,30.49798501
835,龙安小区,龙安花苑,4,1,洪山区,2020/2/17,114.406123,30.507284,114.399459,30.50139,114.3939189,30.50369713
837,左岭新城智苑社区,智苑小区,15,0,洪山区,2020/2/17,114.616981,30.495941,114.61054,30.489499,114.6054912,30.49217338
860,世茂林屿岸,世茂林屿岸,6,6,洪山区,2020/2/18,114.325952,30.454388,114.319771,30.448545,114.3143171,30.45097411
865,广厦华庭,广厦华庭,3,0,洪山区,2020/2/18,114.415889,30.508409,114.409152,30.502718,114.4036174,30.50502557
867,祥和雅居,祥和雅居,2,0,洪山区,2020/2/18,114.443646,30.504133,114.437049,30.498224,114.4315572,30.50055871
868,洪福家园,洪福家园(雄楚大道),11,10,洪山区,2020/2/18,114.407206,30.502736,114.400631,30.496884,114.3950918,30.49919234
870,汽发社区,汽发社区,15,9,洪山区,2020/2/18,114.574108,30.659788,114.411693,30.505172,114.4061604,30.50747975
871,九峰德欣里,九峰街・德欣里社区,14,6,洪山区,2020/2/18,114.489466,30.506378,114.483689,30.500704,114.4783408,30.50314645
872,碧桂园生态城,碧桂园生态城,17,6,洪山区,2020/2/18,114.496695,30.557844,114.497565,30.549922,114.492265,30.5523898
893,沙湖港湾A区,沙湖港湾,3,2,洪山区,2020/2/19,114.395568,30.604103,114.387404,30.597177,114.3818549,30.59945575
895,沙湖港湾C区,沙湖港湾,4,3,洪山区,2020/2/19,114.395568,30.604103,114.387404,30.597177,114.3818549,30.59945575
896,仁和公馆,福星惠誉仁和公馆,2,3,洪山区,2020/2/19,114.397705,30.608423,114.391192,30.602292,114.385642,30.60456665
926,南湖山庄,南湖山庄・半岛花园,9,2,洪山区,2020/2/20,114.350273,30.494307,114.34735,30.489791,114.3418485,30.4921574
928,青年城一期,光谷青年城,20,24,洪山区,2020/2/20,114.312661,30.613846,114.402269,30.492236,114.3967309,30.49454562
929,融科天域,融科天域,1,2,洪山区,2020/2/20,114.419078,30.486336,114.412488,30.480813,114.4069583,30.48312812
930,保利时代小区,保利时代,7,14,洪山区,2020/2/20,114.414372,30.497019,114.408425,30.491178,114.4028908,30.49348874
931,长城坐标城,长城坐标城,15,12,洪山区,2020/2/20,114.420843,30.481896,114.413394,30.47624,114.4078656,30.4785568
933,金地阳光城,金地・阳光城,2,4,洪山区,2020/2/20,114.405735,30.4958,114.399015,30.490495,114.3934757,30.49280537
934,蓝光COCO,蓝光BRC・COCO时代,2,4,洪山区,2020/2/20,114.246139,30.738641,114.451051,30.499683,114.4455942,30.50204263
935,江南家园,江南家园,7,6,洪山区,2020/2/20,114.404306,30.486866,114.398305,30.481135,114.3927663,30.48344812
961,华腾园社区,华腾园,44,32,洪山区,2020/2/21,114.367376,30.588001,114.361066,30.581668,114.3555379,30.58398147
963,学府家园,学府佳园(佳园路),10,6,洪山区,2020/2/21,114.824079,30.851726,114.428547,30.501985,114.4230378,30.5043071
965,保利花园小区,保利花园(关山大道),22,15,洪山区,2020/2/21,114.421319,30.50448,114.41495,30.499504,114.4094213,30.50181503
966,现代森林花园,现代森林花园,5,0,洪山区,2020/2/21,114.445089,30.509775,114.438507,30.503899,114.4330179,30.50623431
967,紫菘花园,紫菘花园,10,8,洪山区,2020/2/21,114.401887,30.517105,114.395202,30.511291,114.3896601,30.51359607
968,逸景华庭,紫菘逸景华庭,2,6,洪山区,2020/2/21,114.420957,30.500742,114.414364,30.49516,114.408835,30.49747198
969,长航蓝晶,长航・蓝晶国际,4,6,洪山区,2020/2/21,114.317875,30.631592,114.417118,30.495409,114.4115922,30.49772256
971,东方巴黎苑,东方巴黎苑(鲁磨路),1,2,洪山区,2020/2/21,114.406442,30.520582,114.399825,30.514724,114.3942839,30.51702704
981,碧桂园映月湾,碧桂苑生态城・映月湾,2,0,洪山区,2020/2/21,114.512291,30.554086,114.505813,30.548007,114.5005446,30.55050025
982,碧桂园水蓝湾,花山碧桂园水蓝湾,1,0,洪山区,2020/2/21,114.499918,30.56051,114.495859,30.549824,114.4905525,30.55228671
1017,保利公馆社区,保利・茉莉公馆,10,14,洪山区,2020/2/22,114.424564,30.503813,114.417703,30.498587,114.4121776,30.50090002
1018,铁机盛世家园,铁机盛世家园,22,15,洪山区,2020/2/22,114.381267,30.603358,114.373536,30.596788,114.3679941,30.59907921
1019,华城广场小区,华城广场,23,4,洪山区,2020/2/22,114.046335,30.580864,114.360243,30.603952,114.354714,30.60625809
1020,保利华都小区,保利・华都,15,15,洪山区,2020/2/22,114.390621,30.514652,114.384074,30.508531,114.3785337,30.51084289
1021,保利茉莉公馆,保利・茉莉公馆,12,0,洪山区,2020/2/22,114.424564,30.503813,114.417703,30.498587,114.4121776,30.50090002
1025,光谷满庭春,光谷满庭春MOMΛ焕城,8,6,洪山区,2020/2/22,114.417536,30.483434,114.492338,30.473447,114.4870246,30.47592264
1026,九峰景源里,九峰街・景源里社区,33,33,洪山区,2020/2/22,114.488427,30.510296,114.482,30.50395,114.4766453,30.50638661
1030,花山街竹园,竹园社区,13,3,洪山区,2020/2/22,114.528063,30.5449,114.517295,30.520452,114.5120718,30.52298819
1047,金地格林,金地・格林小城,3,8,洪山区,2020/2/22,114.412254,30.491328,114.336485,30.500074,114.3309995,30.50245736
1066,绿岛社区,天兴洲绿岛小区,7,0,洪山区,2020/2/22,114.261077,30.739641,114.405782,30.603466,114.4002361,30.60573775
1071,蓝晶绿洲小区,蓝晶绿洲,21,15,洪山区,2020/2/23,114.370967,30.590702,114.363803,30.582874,114.3582717,30.58518303
1072,南湖名都社区,南湖名都,6,7,洪山区,2020/2/23,114.376806,30.509076,114.317547,30.499709,114.3120922,30.50212848
1073,美林青城小区,美林青城,35,11,洪山区,2020/2/23,114.360813,30.599694,114.354391,30.593105,114.3488704,30.5954246
1074,江南花园小区,江南花园(才茂街),3,2,洪山区,2020/2/23,114.314282,30.421487,114.350716,30.597134,114.3452002,30.5994582
1076,千禧名苑小区,千禧名苑,1,2,洪山区,2020/2/23,114.356166,30.60199,114.34975,30.595697,114.3442357,30.59802343
1077,纺机宿舍小区,洪山区和平街纺机社区,4,2,洪山区,2020/2/23,114.357399,30.603239,114.351142,30.596307,114.3456257,30.5986308
1078,中南宿舍小区,中南宿舍,2,1,洪山区,2020/2/23,114.36408,30.599932,114.357686,30.593546,114.3521611,30.59586012
1079,九阳轩小区,九阳轩,1,0,洪山区,2020/2/23,114.362885,30.600902,114.356537,30.59456,114.3510135,30.59687555
1082,名都花园,名都花园(楚康路),8,7,洪山区,2020/2/23,114.375478,30.509311,114.368935,30.503652,114.3634053,30.50598091
1083,城投瀚城,城投瀚城,13,8,洪山区,2020/2/23,114.375427,30.50499,114.369044,30.498641,114.3635146,30.50097125
1084,巴黎豪庭,南益巴黎豪庭,7,2,洪山区,2020/2/23,114.434156,30.510258,114.427453,30.504503,114.4219417,30.50682309
1086,光谷新世界汇贤邸,光谷新世界,2,5,洪山区,2020/2/23,114.422266,30.499003,114.415912,30.492971,114.4103849,30.4952845
1087,金地天悦小区,金地天悦,10,3,洪山区,2020/2/23,114.396904,30.4995,114.390424,30.493529,114.3848835,30.49584132
1088,华城新都,华城新都,10,19,洪山区,2020/2/23,114.400664,30.506283,114.394952,30.500263,114.389411,30.50257147
1089,绿之苑,绿之苑,1,6,洪山区,2020/2/23,114.401084,30.504848,114.394584,30.498884,114.3890431,30.501193
1090,文豪苑,文豪苑,2,11,洪山区,2020/2/23,114.398842,30.504972,114.392203,30.498999,114.386662,30.50130888
1092,朗诗里程,朗诗・里程,6,2,洪山区,2020/2/23,114.524717,30.485418,114.51861,30.479452,114.513395,30.48200409
1094,万科紫悦湾,万科花山紫悦湾,2,1,洪山区,2020/2/23,114.501287,30.565453,114.494869,30.559223,114.4895579,30.56167946
1131,狮城名居,狮城名居,4,3,洪山区,2020/2/24,114.357872,30.515296,114.35144,30.508896,114.3459309,30.51124967
1132,狮城翰园,狮城・翰园,3,4,洪山区,2020/2/24,114.356285,30.514241,114.349881,30.507812,114.3443742,30.51016867
1133,风华新都,狮城・风华新都,1,1,洪山区,2020/2/24,114.356224,30.512059,114.349962,30.505861,114.3444552,30.50821812
1134,香水湾,香水湾,3,5,洪山区,2020/2/24,114.268497,30.451841,114.260034,30.44623,114.2546327,30.4487371
1135,融科花满庭,融科花满庭,6,10,洪山区,2020/2/24,114.267816,30.45382,114.260916,30.448016,114.2555147,30.45052231
1136,园艺新村,园艺新村,2,9,洪山区,2020/2/24,114.26246,30.444701,114.255947,30.438436,114.2505452,30.44094625
1137,金鹤园小区,金鹤园,49,22,洪山区,2020/2/24,114.384698,30.615711,114.381446,30.611306,114.3758978,30.61358357
1138,南湖雅园社区,南湖雅园,10,7,洪山区,2020/2/24,114.347185,30.505581,114.340992,30.499261,114.3354994,30.50163617
1139,葛洲坝世纪花园,葛洲坝・世纪花园,7,10,洪山区,2020/2/24,114.256424,30.59051,114.450191,30.5064,114.4447312,30.50875586
1140,新世界恒大华府,新世界恒大华府,12,4,洪山区,2020/2/24,114.213285,30.569686,114.442313,30.501555,114.4368331,30.50389736
1141,万科嘉园,万科・嘉园,12,4,洪山区,2020/2/24,114.45136,30.50473,114.444824,30.498781,114.4393506,30.50112869
1165,欢乐星城小区,欢乐星城,23,21,洪山区,2020/2/25,114.390312,30.598575,114.383732,30.592337,114.3781845,30.5946202
84,马沧湖小区,马沧湖小区,2,9,汉阳区,2020/2/9,114.254935,30.554152,114.24857,30.547875,114.2431548,30.55035439
85,邓甲新城,邓甲新城,1,3,汉阳区,2020/2/9,114.26161,30.547147,114.25475,30.540145,114.249339,30.54262654
86,博力花园,博力花园,2,6,汉阳区,2020/2/9,114.255914,30.555665,114.24923,30.549392,114.2438151,30.55187089
90,2龙阳熙苑,龙阳熙苑,3,7,汉阳区,2020/2/9,114.211456,30.560735,114.204954,30.554851,114.1994675,30.55729261
171,桃花岛社区,桃花岛小区,19,44,汉阳区,2020/2/10,114.326255,30.614073,114.223259,30.549063,114.2178117,30.55152912
189,新新人家小区,新新人家,4,6,汉阳区,2020/2/10,114.20314,30.515721,114.196511,30.510026,114.1910071,30.51246905
243,东方社区,东方小区,5,0,汉阳区,2020/2/11,114.416077,30.701479,114.27556,30.543977,114.2701482,30.54644523
246,万科汉阳国际,万科汉阳国际,3,20,汉阳区,2020/2/11,114.205078,30.551061,114.194326,30.546114,114.1888132,30.54854173
248,恒大御景湾,恒大御景湾,8,6,汉阳区,2020/2/11,114.255735,30.520834,114.250243,30.513654,114.2448318,30.51614457
330,汉荣苑小区,汉荣苑,1,2,汉阳区,2020/2/12,114.206184,30.538851,114.199623,30.533009,114.1941251,30.53544983
331,恒大御景湾,恒大御景湾,10,3,汉阳区,2020/2/12,114.255735,30.520834,114.250243,30.513654,114.2448318,30.51614457
332,丰收社区卧龙1、2期,卧龙墨水湖边1期,7,16,汉阳区,2020/2/12,114.269259,30.616614,114.230374,30.530573,114.22494,30.53305126
333,丰收社区卧龙3期,卧龙墨水湖边1期,1,4,汉阳区,2020/2/12,114.269259,30.616614,114.230374,30.530573,114.22494,30.53305126
334,丰收社区鲤跃龙门,鲤跃龙门,6,25,汉阳区,2020/2/12,114.238792,30.532854,114.232354,30.526537,114.2269233,30.5290179
335,丰收社区御水澜湾,兴华御水澜湾,7,12,汉阳区,2020/2/12,114.243626,30.534229,114.237096,30.5278,114.2316714,30.53028314
336,锦绣长江,锦绣长江,17,35,汉阳区,2020/2/12,114.272248,30.536406,114.265667,30.530488,114.2602589,30.53296838
337,龙兴社区,龙兴社区,13,10,汉阳区,2020/2/12,114.218083,30.553576,114.211596,30.547548,114.2061254,30.5500014
339,永丰街磨山社区,磨山社区服务站,12,26,汉阳区,2020/2/12,114.200551,30.567629,114.193874,30.561792,114.1883586,30.56421349
340,七里庙社区,琴断口街七里庙社区,11,20,汉阳区,2020/2/12,114.22998,30.573499,114.223485,30.56722,114.2180365,30.56967993
341,五福里社区,五福里社区,10,27,汉阳区,2020/2/12,114.243245,30.561545,114.237522,30.554547,114.2320956,30.55702134
343,南城社区,南城社区,7,16,汉阳区,2020/2/12,114.280569,30.553069,114.274036,30.547142,114.2686246,30.54961055
346,金龙路,玫瑰东苑(金龙路),1,1,汉阳区,2020/2/12,114.214659,30.575482,114.205628,30.564609,114.2001422,30.56704814
347,万科翡翠滨江,万科翡翠滨江,3,0,汉阳区,2020/2/12,114.217811,30.577654,114.206732,30.573471,114.2012481,30.57590852
444,五麒里社区,五麒里社区,20,27,汉阳区,2020/2/13,114.239325,30.563283,114.232943,30.556933,114.2275105,30.55940404
445,十里景秀社区,十里景秀,17,13,汉阳区,2020/2/13,114.220331,30.557363,114.213311,30.55142,114.2078438,30.55387426
446,琴台社区,琴台社区,21,31,汉阳区,2020/2/13,114.267731,30.556696,114.261221,30.550591,114.2558109,30.55306693
447,建桥街冰糖社区,建桥街社区服务中心,11,30,汉阳区,2020/2/13,114.28022,30.553152,114.277467,30.552553,114.2720535,30.55501643
450,玫瑰西苑社区,玫瑰西苑,9,8,汉阳区,2020/2/13,114.207629,30.571615,114.201205,30.566058,114.1957083,30.56848994
451,十里新城,阳光城・十里新城,5,20,汉阳区,2020/2/13,114.218968,30.561597,114.212719,30.554743,114.2072503,30.55719536
452,创新小区,创新小区,2,0,汉阳区,2020/2/13,114.217551,30.559848,114.211056,30.553816,114.2055837,30.55626652
453,时代映象小区,时代映象,1,2,汉阳区,2020/2/13,114.217159,30.558872,114.210569,30.552364,114.2050957,30.55481438
581,红光里,雅丽花园(红光路),1,0,汉阳区,2020/2/14,114.254999,30.637461,114.235624,30.550641,114.2301956,30.55311577
607,王家湾中央生活区,王家湾中央生活区,17,5,汉阳区,2020/2/14,114.211087,30.567342,114.203324,30.561601,114.1978329,30.56403779
615,怡畅园社区,滨江・怡畅园,9,8,汉阳区,2020/2/14,114.260576,30.526667,114.254191,30.519125,114.2487815,30.52161347
616,七里晴川小区,七里晴川,11,25,汉阳区,2020/2/14,114.228774,30.562256,114.222363,30.556118,114.2169135,30.5585808
617,紫荆嘉苑小区,紫荆嘉苑,5,3,汉阳区,2020/2/14,114.228439,30.563308,114.222033,30.557093,114.2165828,30.55955513
618,招商公园1872瑞府,公园1872瑞府,8,4,汉阳区,2020/2/14,114.233982,30.539567,114.223774,30.5309,114.2183292,30.5333727
620,招商公园1872_园,招商公园1872,3,0,汉阳区,2020/2/14,114.233982,30.539567,114.221548,30.533655,114.2160989,30.53612463
621,招商公园1872恰府,招商公园1872,1,0,汉阳区,2020/2/14,114.233982,30.539567,114.221548,30.533655,114.2160989,30.53612463
623,建桥街大桥社区,大桥一社区,9,33,汉阳区,2020/2/14,114.28022,30.553152,114.271566,30.550936,114.2661551,30.55340535
624,金龙公馆小区,金龙公馆,3,2,汉阳区,2020/2/14,114.233737,30.567196,114.227378,30.560956,114.2219367,30.56342161
625,金龙花园小区,金龙花园(汉阳大道),5,6,汉阳区,2020/2/14,114.233615,30.565203,114.227169,30.558903,114.2217275,30.56136916
626,芳草园小区,芳草园,2,1,汉阳区,2020/2/14,114.232366,30.566304,114.225891,30.560043,114.2204473,30.56250768
627,开来都市丰景,开来・都市丰景,3,0,汉阳区,2020/2/14,114.205863,30.527186,114.1995,30.52144,114.1940028,30.52388436
628,太子尚品,太子尚品,6,5,汉阳区,2020/2/14,114.205949,30.52449,114.20005,30.517551,114.1945545,30.51999746
629,新城_悦城,新城・_悦城,1,2,汉阳区,2020/2/14,114.20999,30.524402,114.20344,30.518708,114.1979529,30.52115935
630,朗诗绿色街区,朗诗绿色街区(龙阳大道),7,3,汉阳区,2020/2/14,114.202323,30.546633,114.195711,30.540895,114.1902023,30.54332682
631,陶馨阁小区,陶馨阁,2,7,汉阳区,2020/2/14,114.197218,30.549491,114.191075,30.543907,114.1855536,30.54632989
632,陶馨园小区,陶馨园,4,5,汉阳区,2020/2/14,114.199969,30.548417,114.193284,30.54252,114.1877687,30.54494718
633,五合里社区,五合里社区,24,18,汉阳区,2020/2/14,114.245127,30.561655,114.238794,30.555261,114.2333691,30.55773564
738,老关社区,_悦江湾(建设中),9,1,汉阳区,2020/2/15,114.240557,30.50152,114.232159,30.497636,114.2267305,30.50012567
744,中铁国际城小区,中国铁建国际城,17,4,汉阳区,2020/2/15,114.359467,30.587214,114.198982,30.560163,114.1934801,30.56259352
745,桥西社区,江汉二桥街桥西社区,5,31,汉阳区,2020/2/15,114.216342,30.575356,114.210977,30.56953,114.2055032,30.57197482
747,鹦鹉花园小区,鹦鹉花园,23,19,汉阳区,2020/2/15,114.279026,30.548856,114.272495,30.542881,114.2670845,30.54535234
748,五里汉城,通用宿舍,5,15,汉阳区,2020/2/15,114.259333,30.5532,114.252934,30.548999,114.2475213,30.55147782
791,五里墩社区,五里墩街五春里社区,10,17,汉阳区,2020/2/16,114.255084,30.551179,114.22552,30.548386,114.2200767,30.55085443
806,知音东苑社区,知音东苑社区,14,15,汉阳区,2020/2/16,114.219974,30.573197,114.213532,30.567106,114.208064,30.56955499
807,芳草苑小区,芳草苑小区,3,2,汉阳区,2020/2/16,114.193681,30.571894,114.187726,30.567201,114.1821933,30.56960981
808,海上海,复地・海上海,4,4,汉阳区,2020/2/16,114.267341,30.526859,114.260633,30.520743,114.2552254,30.52322906
809,长航新村94号,长航新村(港务村西北),3,10,汉阳区,2020/2/16,114.26316,30.527447,114.256703,30.521223,114.2512943,30.52371025
810,惠民苑,汉阳惠民苑,18,10,汉阳区,2020/2/16,114.176842,30.591721,114.17035,30.585207,114.1647659,30.58757689
812,赫山社区,赫山社区,21,0,汉阳区,2020/2/16,114.215933,30.573345,114.209441,30.56736,114.2039639,30.56980354
821,琴断口街百灵社区,汉阳区琴断口街百灵社区,25,18,汉阳区,2020/2/16,114.198072,30.581107,114.220526,30.561731,114.2150726,30.56418995
855,知西社区（知音西苑）,知音西苑社区服务站,23,26,汉阳区,2020/2/17,114.215873,30.572902,114.208247,30.567478,114.2027671,30.56991985
879,晴川街铁桥社区,华园社区,16,2,汉阳区,2020/2/18,114.292578,30.567047,114.241174,30.565981,114.2357507,30.56845269
880,建桥街归元社区,建桥街社区服务中心,8,20,汉阳区,2020/2/18,114.28022,30.553152,114.277467,30.552553,114.2720535,30.55501643
882,青石社区,青石小区(青石桥路),23,30,汉阳区,2020/2/18,114.275987,30.551649,114.27046,30.544874,114.2650499,30.5473463
904,五墨里社区,五墨里社区,19,63,汉阳区,2020/2/19,114.257469,30.557133,114.25115,30.550834,114.2457362,30.55331235
942,中国铁建国际花园,中国铁建国际花园,8,4,汉阳区,2020/2/20,114.193852,30.5826,114.187255,30.576932,114.1817202,30.5793364
1036,春天里小区,新城・春天里,2,0,汉阳区,2020/2/22,114.366568,30.531259,114.242956,30.52892,114.2375377,30.5314049
1041,星火社区,星火社区,21,11,汉阳区,2020/2/22,114.217211,30.559932,114.210632,30.553872,114.2051587,30.55632194
1042,汉水琴台,宝安・汉水琴台,6,5,汉阳区,2020/2/22,114.229314,30.576287,114.222768,30.569912,114.217318,30.57237026
1046,汀澜公馆,汀澜公馆,1,0,汉阳区,2020/2/22,114.228916,30.574319,114.222353,30.568175,114.2169024,30.57063349
1101,和昌森林湖小区,和昌森林湖,9,6,汉阳区,2020/2/23,114.210376,30.540934,114.203893,30.534978,114.1984056,30.53742479
1102,汉城花园小区,汉城花园,10,8,汉阳区,2020/2/23,114.208307,30.544343,114.201631,30.538421,114.1961377,30.54086319
1103,汉欣苑小区,汉欣苑,5,3,汉阳区,2020/2/23,114.20711,30.54096,114.200585,30.53512,114.1950894,30.53756166
1104,太子水榭,太子水榭,11,1,汉阳区,2020/2/23,114.225109,30.534474,114.218623,30.528307,114.2131688,30.53077528
1105,观澜国际,观澜国际,10,4,汉阳区,2020/2/23,114.228067,30.531804,114.221537,30.525585,114.2160886,30.52805724
95,泰跃金河,泰跃・金河,3,1,东西湖区,2020/2/9,114.173921,30.662287,114.167359,30.656601,114.1617599,30.65893583
96,博大海蓝湾,博大海蓝湾,2,5,东西湖区,2020/2/9,114.170897,30.66231,114.164369,30.656444,114.1587613,30.65877331
97,花样年花样城,花样年花样城,2,5,东西湖区,2020/2/9,114.173564,30.66837,114.166949,30.662662,114.1613482,30.66499335
98,西湖名都,西湖名都,5,4,东西湖区,2020/2/9,114.15504,30.637441,114.148527,30.631442,114.1428771,30.63375388
99,怡华逸天地,怡华・逸天地,5,5,东西湖区,2020/2/9,114.150481,30.635939,114.144144,30.629918,114.1384827,30.63222338
101,三江银湖湾小区,航天・银湖湾,3,8,东西湖区,2020/2/9,114.230381,30.655229,114.222719,30.648604,114.2172621,30.65103061
102,万科高尔夫城市花园,万科高尔夫城市花园,11,13,东西湖区,2020/2/9,114.21814,30.648624,114.212495,30.643781,114.2070181,30.64619815
173,常青苑小区,常青苑小区,1,4,东西湖区,2020/2/10,114.140345,30.627818,114.134026,30.621551,114.1283407,30.62384505
174,长青东村,长青东村,2,0,东西湖区,2020/2/10,114.142032,30.627705,114.135561,30.62146,114.1298793,30.62375617
251,新城俊园,新城俊园,1,0,东西湖区,2020/2/11,114.258882,30.65235,114.253054,30.646205,114.247633,30.64864584
252,马池墩社区,马池墩社区,21,0,东西湖区,2020/2/11,114.240785,30.658,114.234511,30.651387,114.2290725,30.65382149
351,二雅社区,乐佳小区(二雅路),1,7,东西湖区,2020/2/12,114.168392,30.617839,114.149364,30.618871,114.1437175,30.62118952
352,银花社区,银花社区,8,0,东西湖区,2020/2/12,114.262377,30.660413,114.257194,30.653869,114.2517741,30.65630561
353,奥林花园小区,武汉奥林匹克花园,6,13,东西湖区,2020/2/12,114.184921,30.516514,114.211201,30.671875,114.2057188,30.67427796
462,海景花园,海景花园(吴中路),13,14,东西湖区,2020/2/13,114.15532,30.635885,114.148806,30.629858,114.143157,30.63217102
468,清水湾小区,金湖・清水湾,9,6,东西湖区,2020/2/13,114.177552,30.672479,114.171207,30.666617,114.1656182,30.66895458
557,紫荆苑,紫荆苑,4,2,东西湖区,2020/2/14,114.216758,30.639229,114.210223,30.633259,114.2047419,30.63567768
611,江城明珠小区,明珠小区,9,20,东西湖区,2020/2/14,114.225609,30.515447,114.148629,30.62091,114.1429803,30.62322645
659,银湖水榭,银湖水榭,3,5,东西湖区,2020/2/14,114.223533,30.66763,114.217013,30.66153,114.211544,30.66394482
661,万丰丰泽园,万丰・丰泽园,1,2,东西湖区,2020/2/14,114.230068,30.669041,114.223661,30.662722,114.2182046,30.66514325
663,将花社区,将花社区,29,0,东西湖区,2020/2/14,114.25984,30.654917,114.253399,30.648653,114.247978,30.65109272
668,梅苑小区,梅苑小区,6,19,东西湖区,2020/2/14,114.333752,30.537933,114.14329,30.62119,114.1376273,30.62349768
671,文家湾社区,幸福家园(二雅路),16,19,东西湖区,2020/2/14,114.159777,30.629925,114.151283,30.623844,114.1456412,30.62616374
672,合兴里社区,合兴里社区,1,1,东西湖区,2020/2/14,114.138698,30.621155,114.13226,30.614826,114.1265713,30.6171205
754,祁家山社区,祁家山社区,14,10,东西湖区,2020/2/15,114.153554,30.631578,114.150309,30.627412,114.1446643,30.62972858
755,碧海花园,碧海花园,5,14,东西湖区,2020/2/15,114.205988,30.655027,114.19942,30.649275,114.1939115,30.65167083
816,银湖鑫城,开来・银湖鑫城,6,3,东西湖区,2020/2/16,114.21997,30.63485,114.213689,30.628756,114.208216,30.63118107
817,金湖御品,银湖御品,3,2,东西湖区,2020/2/16,114.211449,30.636942,114.202481,30.629768,114.1969819,30.63217699
818,翠堤春晓,翠堤春晓,6,3,东西湖区,2020/2/16,114.206467,30.632956,114.19925,30.627655,114.1937429,30.63005982
819,银湖御园,银湖御园,3,6,东西湖区,2020/2/16,114.22093,30.636142,114.214463,30.629997,114.2089915,30.63242251
820,丰泽园,丰泽园,2,3,东西湖区,2020/2/16,114.217747,30.635078,114.211246,30.629075,114.2057676,30.6314968
858,九坤五环华城,九坤五环华城,5,3,东西湖区,2020/2/17,114.147061,30.613917,114.140392,30.607786,114.1347232,30.61009468
891,东建金鼎湾,东建金鼎湾,6,3,东西湖区,2020/2/18,114.156071,30.622831,114.149392,30.616738,114.1437457,30.61905745
914,张家墩社区,东西湖区将军路街张家墩社区服务站,39,17,东西湖区,2020/2/19,114.277571,30.680567,114.275512,30.662341,114.27009,30.66476245
947,庭瑞新汉口,庭瑞新汉口,2,1,东西湖区,2020/2/20,114.231277,30.665212,114.223715,30.659588,114.2182589,30.66201071
948,汀香水榭,汀香水榭,5,0,东西湖区,2020/2/20,114.223034,30.658672,114.216618,30.65258,114.211149,30.65499835
950,银湖苑,银湖苑,1,2,东西湖区,2020/2/20,114.22465,30.663879,114.218143,30.65774,114.2126766,30.6601578
952,金湖苑,金湖苑小区,1,1,东西湖区,2020/2/20,114.226217,30.663341,114.220614,30.658347,114.2151524,30.66076719
953,恒大城小区,恒大城,25,12,东西湖区,2020/2/20,114.173334,30.664842,114.167075,30.659059,114.1614749,30.6613922
954,奥林匹克花园,武汉奥林匹克花园,6,3,东西湖区,2020/2/20,114.21761,30.677888,114.211201,30.671875,114.2057188,30.67427796
955,水印桃源,水印桃源2期,3,2,东西湖区,2020/2/20,114.221318,30.673225,114.2155,30.666599,114.2100275,30.66900977
956,顺驰泊林,顺驰・泊林,3,2,东西湖区,2020/2/20,114.21648,30.672375,114.209942,30.666422,114.2044574,30.66882576
957,中部慧谷,慧谷阳光国际公寓,9,3,东西湖区,2020/2/20,114.21037,30.676659,114.204089,30.670277,114.1985903,30.67267067
958,金银湖1号院,金银湖1号院,5,2,东西湖区,2020/2/20,114.213262,30.677076,114.207652,30.669939,114.2021619,30.672338
999,卧龙丽景湾,卧龙・丽景湾(马城西路),8,12,东西湖区,2020/2/21,114.23022,30.64003,114.219391,30.63558,114.213929,30.63800882
1000,常安佳苑,常安佳苑,11,9,东西湖区,2020/2/21,114.230187,30.636056,114.223629,30.63019,114.2181753,30.63262539
1001,银湖翡翠,银湖翡翠,5,8,东西湖区,2020/2/21,114.221572,30.643363,114.214568,30.635545,114.2090962,30.63796829
1002,丽水佳园,沿海丽水佳园,31,5,东西湖区,2020/2/21,114.233953,30.658379,114.227622,30.652455,114.2221732,30.65488429
1003,新澳阳光城,新澳阳光城,3,4,东西湖区,2020/2/21,114.236311,30.66616,114.229791,30.659956,114.224345,30.66238363
1004,兴隆国际,航天・兴隆国际,4,3,东西湖区,2020/2/21,114.233682,30.663579,114.227236,30.657322,114.2217861,30.65974882
1006,联通佳苑,联通佳苑,6,3,东西湖区,2020/2/21,114.236974,30.662603,114.230533,30.656264,114.2250884,30.65869381
1007,都市假日,都市假日,2,0,东西湖区,2020/2/21,114.237107,30.658617,114.230476,30.651992,114.2250317,30.65442366
1008,亿达华庭,亿达华庭,4,1,东西湖区,2020/2/21,114.145069,30.625857,114.138631,30.61966,114.1329568,30.62196126
1011,吴南花园,新世界吴南花园,1,0,东西湖区,2020/2/21,114.146139,30.627691,114.141871,30.62133,114.1362047,30.62363542
1013,兆丰花园,兆丰花园,7,2,东西湖区,2020/2/21,114.147363,30.62543,114.140456,30.619263,114.1347863,30.62156712
1048,金珠港湾,金珠港湾,1,1,东西湖区,2020/2/22,114.196865,30.635172,114.190243,30.629377,114.1847119,30.63176593
1049,金湖家园,金湖家园,5,2,东西湖区,2020/2/22,114.193085,30.639748,114.186384,30.634124,114.1808417,30.63650406
1111,八方明珠,八方明珠,6,1,东西湖区,2020/2/23,114.129376,30.628342,114.123099,30.621992,114.1173907,30.62427311
1112,恒春里510号,恒春里1期,2,0,东西湖区,2020/2/23,114.141377,30.628861,114.131967,30.623705,114.1262769,30.62599547
1113,六顺路189号,宏伟小区,1,1,东西湖区,2020/2/23,114.139465,30.6259,114.132405,30.618647,114.1267163,30.62094012
1114,博大学府花园,博大学府花园,4,3,东西湖区,2020/2/23,114.136816,30.625579,114.130384,30.619263,114.1246908,30.62155333
1115,博大精品花园,博大精品花园,2,0,东西湖区,2020/2/23,114.136068,30.62859,114.129643,30.622266,114.1239479,30.62455419
1117,博大城市星座,博大城市星座,5,0,东西湖区,2020/2/23,114.129603,30.629898,114.123052,30.623564,114.1173435,30.62584441
1118,长青西村,长青西村,6,2,东西湖区,2020/2/23,114.138768,30.627935,114.13135,30.620768,114.1256588,30.62305891
1119,枫林苑,新城枫林苑,2,1,东西湖区,2020/2/23,114.319591,30.375825,114.13022,30.62339,114.1245261,30.62567842
1159,常青花园第五社区,常青花园,11,4,东西湖区,2020/2/24,114.25719,30.644654,114.248599,30.649137,114.2431751,30.65157676
1171,升华现代城,升华现代城,3,0,东西湖区,2020/2/20,114.222557,30.661333,114.216119,30.655135,114.2106488,30.65755164
177,宁康园小区,宁康园,1,18,蔡甸区,2020/2/10,114.176938,30.500497,114.170537,30.494887,114.1649614,30.49728751
178,东方花园,东方花园,1,1,蔡甸区,2020/2/10,114.410478,30.620994,114.159507,30.498917,114.1538992,30.50129578
179,绿岛花园,绿岛花园,4,2,蔡甸区,2020/2/10,114.169865,30.506305,114.163187,30.50041,114.1575896,30.50279512
181,汉纸集贸市场,汉纸集贸市场,1,0,蔡甸区,2020/2/10,114.205796,30.466401,114.19915,30.460607,114.1936572,30.46306823
182,中核世纪广场,万龙中心(建设中),2,0,蔡甸区,2020/2/10,114.06695,30.570075,114.062628,30.565218,114.0568962,30.56753666
184,大拇指广场,中法新城,2,0,蔡甸区,2020/2/10,114.062695,30.572133,114.056257,30.565571,114.0505327,30.56790039
185,中核锦城,中核・锦城,2,0,蔡甸区,2020/2/10,114.062882,30.566813,114.055741,30.561308,114.0500178,30.56363987
187,红光精品花园,红光精品花园,1,0,蔡甸区,2020/2/10,114.061,30.571277,114.054141,30.565128,114.0484197,30.56746151
188,中建钢构,中建钢构,1,0,蔡甸区,2020/2/10,114.077232,30.576445,114.068398,30.57198,114.0626604,30.57428782
247,知音茶城,知音(地铁站),6,5,蔡甸区,2020/2/11,114.203767,30.556496,114.091765,30.556845,114.0860249,30.55913925
254,东风凤凰城,东风凤凰城,1,2,蔡甸区,2020/2/11,114.100192,30.472504,114.093438,30.466861,114.0877067,30.46918246
355,祥鑫天骄城小区,祥鑫・天骄城,3,0,蔡甸区,2020/2/12,114.026452,30.580212,114.019966,30.574032,114.0143141,30.57644615
356,知音人家,知音人家,3,0,蔡甸区,2020/2/12,114.048898,30.576452,114.04239,30.570672,114.0366879,30.57302847
357,马号社区,马号社区,13,4,蔡甸区,2020/2/12,114.027302,30.588034,114.02086,30.581881,114.0152051,30.58428967
358,正阳大悦城小区,正阳大悦城,1,0,蔡甸区,2020/2/12,114.021028,30.581636,114.014582,30.575438,114.0089438,30.57786732
405,邮电社区,邮电小区(古井路),16,3,蔡甸区,2020/2/13,114.30884,30.520154,114.022501,30.584187,114.0168418,30.58659014
470,世茂龙湾,世茂龙湾,3,0,蔡甸区,2020/2/13,114.099693,30.49477,114.086671,30.505801,114.0809339,30.50811396
471,西山林语,西山林语,6,0,蔡甸区,2020/2/13,114.127682,30.560162,114.121245,30.55377,114.1155393,30.55607536
472,江大园小区,江大园,1,6,蔡甸区,2020/2/13,114.165405,30.529372,114.15884,30.523497,114.1532281,30.52586703
553,紫薇苑,紫薇苑,4,2,蔡甸区,2020/2/14,114.15867,30.514917,114.152167,30.509013,114.1465378,30.51137568
674,F绿岛,绿岛花园,2,4,蔡甸区,2020/2/14,114.261077,30.739641,114.163187,30.50041,114.1575896,30.50279512
758,洪山小区,洪山小区,1,4,蔡甸区,2020/2/15,114.407647,30.516632,114.138914,30.479848,114.1332528,30.48219781
760,广场花城小区,广场花城,4,0,蔡甸区,2020/2/15,114.522885,30.525631,114.045308,30.574896,114.0396001,30.57724427
762,佳泰社区,佳泰社区,1,7,蔡甸区,2020/2/15,114.164529,30.506122,114.157994,30.500167,114.1523818,30.50254266
795,城南社区平安别墅小区,城南明珠,3,2,蔡甸区,2020/2/16,114.309362,30.513496,114.033078,30.585212,114.0273938,30.587586
815,四季花城,天元四季花城,7,3,蔡甸区,2020/2/16,114.215151,30.639901,114.097153,30.556637,114.091416,30.55893041
822,永久社区,永久社区,5,4,蔡甸区,2020/2/16,114.116533,30.472168,114.109967,30.465908,114.1042512,30.46823212
823,金域蓝湾小区,万科金域蓝湾,14,17,蔡甸区,2020/2/16,114.162976,30.511014,114.15629,30.504705,114.1506726,30.50707624
824,万龙中央公园,万龙中央公园,4,0,蔡甸区,2020/2/16,114.048471,30.57383,114.041897,30.568114,114.036196,30.57047255
825,小军山社区,小军山社区,3,0,蔡甸区,2020/2/16,114.165598,30.415233,114.158637,30.409625,114.1530345,30.41202453
826,枫桦苇岸小区,枫桦苇岸,5,8,蔡甸区,2020/2/16,114.186356,30.464003,114.179764,30.458463,114.1742182,30.46089076
922,中恒,嘎纳印象,15,10,蔡甸区,2020/2/19,114.135722,30.48056,114.182198,30.52184,114.1766537,30.52425417
959,川江池社区,北辰经开优+(建设中),14,1,蔡甸区,2020/2/20,114.147826,30.407424,114.147957,30.405783,114.1423255,30.40816467
1015,金荷花园ABC区,金荷花园,28,18,蔡甸区,2020/2/21,114.161718,30.498856,114.155296,30.493062,114.1496768,30.4954349
1016,凤凰苑社区,凤凰苑,6,3,蔡甸区,2020/2/21,114.092326,30.427886,114.085745,30.422068,114.0800152,30.4244032
1053,联投半岛,联投・半岛一品,7,3,蔡甸区,2020/2/22,114.144984,30.496284,114.138502,30.490085,114.1328389,30.49243133
1054,官湖郡,东合・官湖郡,7,8,蔡甸区,2020/2/22,114.147904,30.489761,114.141466,30.483614,114.1358108,30.48596658
1055,海滨城花园,海滨城花园,4,2,蔡甸区,2020/2/22,114.142,30.486756,114.135306,30.480655,114.1296362,30.48299947
1056,香格里居,香格里居,1,0,蔡甸区,2020/2/22,114.15115,30.494142,114.144672,30.487972,114.1390246,30.49032836
1057,长江楚韵小区,长江・楚韵,5,1,蔡甸区,2020/2/22,114.224366,30.478123,114.218207,30.471956,114.2127568,30.47444048
1058,水木清华小区,水木清华,13,7,蔡甸区,2020/2/22,114.159172,30.514653,114.152637,30.508846,114.1470091,30.51120954
1059,千晴岸,千晴岸,7,1,蔡甸区,2020/2/22,114.153285,30.516501,114.146728,30.510419,114.141084,30.51277207
1060,名流雅阁,百强・名流雅阁,8,1,蔡甸区,2020/2/22,114.155894,30.629947,114.148562,30.510894,114.1429228,30.51324996
1061,滨湖社区,滨湖社区,22,21,蔡甸区,2020/2/22,114.361747,30.572873,114.146769,30.484865,114.1411274,30.48722563
1062,幸福小城,幸福小城,1,2,蔡甸区,2020/2/22,114.141943,30.471804,114.135238,30.465881,114.1295693,30.46822935
1063,幸福天地,海天幸福天地1期,2,2,蔡甸区,2020/2/22,114.141734,30.474642,114.135226,30.468724,114.129557,30.47107158
1064,锦绣豪园,锦绣豪园,4,3,蔡甸区,2020/2/22,114.145298,30.466672,114.138807,30.460608,114.1331473,30.46296276
1065,丽水天成,丽水天成,1,3,蔡甸区,2020/2/22,114.14493,30.470796,114.139313,30.464965,114.1336541,30.46731938
1121,新华社区,新华社区(芳草一路),20,19,蔡甸区,2020/2/23,114.21309,30.599974,114.194313,30.523737,114.1888021,30.52617209
1123,薛峰社区,薛峰社区,15,11,蔡甸区,2020/2/23,114.099859,30.466895,114.093536,30.460985,114.0878053,30.46330796
1124,香澜水岸小区,香澜水岸,8,4,蔡甸区,2020/2/23,114.158092,30.506437,114.15176,30.500632,114.1461304,30.50299649
1125,蒲潭社区,蒲潭社区,29,6,蔡甸区,2020/2/23,114.082103,30.405172,114.074327,30.400714,114.068601,30.40306297
1126,东荆社区,东荆社区,25,7,蔡甸区,2020/2/23,114.206153,30.466127,114.199847,30.460216,114.194356,30.46267844
1127,天鹅湖社区,南湖社区,16,3,蔡甸区,2020/2/23,114.247006,30.545201,114.100057,30.510131,114.0943264,30.51243973
1128,碧湖新村,碧湖新村,3,0,蔡甸区,2020/2/23,114.156097,30.510355,114.14962,30.504326,114.1439843,30.50668573
1161,红升社区,红升小区,14,13,蔡甸区,2020/2/24,114.196913,30.518883,114.178409,30.496257,114.1728561,30.49867192
1162,恒大绿洲小区,恒大绿洲,43,20,蔡甸区,2020/2/24,114.130483,30.556018,114.12388,30.548798,114.1181797,30.55110764
1163,龙湖社区,龙湖社区2期,11,5,蔡甸区,2020/2/24,114.136598,30.37846,114.124013,30.372787,114.1183285,30.375142
32,新民主路社区,新民主路社区,38,14,0,2020/2/8,114.334249,30.551413,0,0,-0.015498497,-0.002728458
44,阳光100,阳光100,7,10,0,2020/2/9,114.420761,30.405772,0,0,-0.015498497,-0.002728458
46,江南花山郡,江南花山郡,2,4,0,2020/2/9,114.356453,30.373713,0,0,-0.015498497,-0.002728458
50,天源城小区,天源城小区,3,3,0,2020/2/9,114.359051,30.570361,0,0,-0.015498497,-0.002728458
66,站北二村,站北二村,1,1,0,2020/2/9,114.26227,30.628094,0,0,-0.015498497,-0.002728458
68,悦景居,悦景居,3,3,0,2020/2/9,114.268303,30.631367,0,0,-0.015498497,-0.002728458
82,芙蓉超市,芙蓉超市,2,0,0,2020/2/9,114.15187,30.627444,0,0,-0.015498497,-0.002728458
94,万科西半岛上岛二区,万科西半岛上岛二区,5,5,0,2020/2/9,114.287763,30.588207,0,0,-0.015498497,-0.002728458
108,吴家湾社区,吴家湾社区,6,14,0,2020/2/10,114.400032,30.514938,0,0,-0.015498497,-0.002728458
111,曙光星城C区,曙光星城C区,5,6,0,2020/2/10,114.409037,30.488486,0,0,-0.015498497,-0.002728458
119,花山街兰园,花山街兰园,5,3,0,2020/2/10,114.528063,30.5449,0,0,-0.015498497,-0.002728458
124,江南新天地,江南新天地,2,4,0,2020/2/10,114.377062,30.607383,0,0,-0.015498497,-0.002728458
142,鑫城国际,鑫城国际,1,4,0,2020/2/10,114.27152,30.619125,0,0,-0.015498497,-0.002728458
147,福星惠誉福星城,福星惠誉福星城,27,41,0,2020/2/10,114.252623,30.626447,0,0,-0.015498497,-0.002728458
158,玉兰里社区,玉兰里社区,41,42,0,2020/2/10,114.245068,30.632895,0,0,-0.015498497,-0.002728458
159,锦湖金利小区,锦湖金利小区,11,33,0,2020/2/10,114.350237,30.670052,0,0,-0.015498497,-0.002728458
161,田元三村小区,田元三村小区,2,4,0,2020/2/10,114.428809,30.646526,0,0,-0.015498497,-0.002728458
163,田园三村小区,田园三村小区,2,0,0,2020/2/10,114.302348,30.643977,0,0,-0.015498497,-0.002728458
172,汉博佳苑,汉博佳苑,17,19,0,2020/2/10,114.307003,30.65432,0,0,-0.015498497,-0.002728458
175,恒春里社区,恒春里社区,3,10,0,2020/2/10,114.141377,30.628861,0,0,-0.015498497,-0.002728458
183,深鸿润,深鸿润,2,0,0,2020/2/10,114.075095,30.571459,0,0,-0.015498497,-0.002728458
195,保利时代天悦小区,保利时代天悦小区,3,4,0,2020/2/11,114.414191,30.494707,0,0,-0.015498497,-0.002728458
210,新长江广场,新长江广场,2,2,0,2020/2/11,114.324865,30.558413,0,0,-0.015498497,-0.002728458
215,艺苑社区,艺苑社区,12,31,0,2020/2/11,114.30902,30.611083,0,0,-0.015498497,-0.002728458
235,东新熙园小区,东新熙园小区,1,4,0,2020/2/11,114.326746,30.638582,0,0,-0.015498497,-0.002728458
241,大智街铭新社区,大智街铭新社区,8,22,0,2020/2/11,114.298168,30.594006,0,0,-0.015498497,-0.002728458
250,华星B区,华星B区,3,0,0,2020/2/11,114.333817,30.546086,0,0,-0.015498497,-0.002728458
256,天星阁B区,天星阁B区,3,1,0,2020/2/11,114.06119,30.511356,0,0,-0.015498497,-0.002728458
258,莲溪轩F区,莲溪轩F区,3,0,0,2020/2/11,114.064938,30.506015,0,0,-0.015498497,-0.002728458
281,博爱医院,博爱医院,1,0,0,2020/2/12,114.359555,30.592324,0,0,-0.015498497,-0.002728458
308,秦园居小区,秦园居小区,15,3,0,2020/2/12,114.341711,30.590998,0,0,-0.015498497,-0.002728458
313,保利上城（东区）,保利上城（东区）,4,1,0,2020/2/12,114.297702,30.501195,0,0,-0.015498497,-0.002728458
338,龙阳新村社区,龙阳新村社区,14,16,0,2020/2/12,114.283371,30.618142,0,0,-0.015498497,-0.002728458
342,澜菲溪岸社区,澜菲溪岸社区,17,27,0,2020/2/12,114.217781,30.520061,0,0,-0.015498497,-0.002728458
344,锦绣汉江3区,锦绣汉江3区,4,8,0,2020/2/12,114.208236,30.578162,0,0,-0.015498497,-0.002728458
345,锦绣汉江4区,锦绣汉江4区,9,28,0,2020/2/12,114.21294,30.576622,0,0,-0.015498497,-0.002728458
385,长江社区,长江社区,4,0,0,2020/2/13,114.415038,30.488018,0,0,-0.015498497,-0.002728458
387,波光霞影二期,波光霞影二期,4,9,0,2020/2/13,114.297823,30.489746,0,0,-0.015498497,-0.002728458
407,百瑞景一期,百瑞景一期,3,1,0,2020/2/13,114.33978,30.525389,0,0,-0.015498497,-0.002728458
408,百瑞景二期,百瑞景二期,14,0,0,2020/2/13,114.341845,30.527055,0,0,-0.015498497,-0.002728458
409,百瑞景三期,百瑞景三期,4,3,0,2020/2/13,114.343262,30.530654,0,0,-0.015498497,-0.002728458
410,百瑞景四期,百瑞景四期,12,2,0,2020/2/13,114.341136,30.531173,0,0,-0.015498497,-0.002728458
411,百瑞景五期,百瑞景五期,6,4,0,2020/2/13,114.341798,30.532581,0,0,-0.015498497,-0.002728458
412,百瑞景六期,百瑞景六期,4,1,0,2020/2/13,114.341379,30.529342,0,0,-0.015498497,-0.002728458
413,梅隐寺社区,梅隐寺社区,33,12,0,2020/2/13,114.315147,30.529214,0,0,-0.015498497,-0.002728458
424,天星苑,天星苑,7,4,0,2020/2/13,114.256589,30.592459,0,0,-0.015498497,-0.002728458
437,同馨花园二期,同馨花园二期,35,0,0,2020/2/13,114.261511,30.581266,0,0,-0.015498497,-0.002728458
438,同馨花园雍豪府,同馨花园雍豪府,13,3,0,2020/2/13,114.263035,30.582961,0,0,-0.015498497,-0.002728458
442,七里一村社区,七里一村社区,13,0,0,2020/2/13,114.231526,30.560571,0,0,-0.015498497,-0.002728458
448,南国明珠1期,南国明珠1期,6,12,0,2020/2/13,114.209043,30.547707,0,0,-0.015498497,-0.002728458
449,南国明珠2期,南国明珠2期,4,4,0,2020/2/13,114.213123,30.546107,0,0,-0.015498497,-0.002728458
461,三弓路社区,三弓路社区,21,0,0,2020/2/13,114.37373,30.635684,0,0,-0.015498497,-0.002728458
475,F空港中心城,F空港中心城,1,6,0,2020/2/13,114.265056,30.714945,0,0,-0.015498497,-0.002728458
488,恒大龙城1期,恒大龙城1期,1,0,0,2020/2/13,114.236262,30.728757,0,0,-0.015498497,-0.002728458
500,金泉社区,金泉社区,3,6,0,2020/2/14,114.381531,30.518743,0,0,-0.015498497,-0.002728458
501,高创科技小区,高创科技小区,1,0,0,2020/2/14,114.295153,30.624333,0,0,-0.015498497,-0.002728458
515,夏家村4号,夏家村4号,2,1,0,2020/2/14,114.457291,30.571549,0,0,-0.015498497,-0.002728458
522,方桂园社区,方桂园社区,8,7,0,2020/2/14,114.369375,30.513939,0,0,-0.015498497,-0.002728458
528,曙光星城A、B区,曙光星城A、B区,13,3,0,2020/2/14,114.409381,30.493279,0,0,-0.015498497,-0.002728458
534,中建康城,中建康城,5,5,0,2020/2/14,114.413804,30.476853,0,0,-0.015498497,-0.002728458
537,九峰新区,九峰新区,1,0,0,2020/2/14,114.491031,30.508441,0,0,-0.015498497,-0.002728458
559,观澜天地,观澜天地,9,2,0,2020/2/14,114.286161,30.511775,0,0,-0.015498497,-0.002728458
573,顶绣国际城C区,顶绣国际城C区,3,5,0,2020/2/14,114.275965,30.62546,0,0,-0.015498497,-0.002728458
574,顶绣国际城D区,顶绣国际城D区,3,4,0,2020/2/14,114.275965,30.62546,0,0,-0.015498497,-0.002728458
589,汉口花园六期,汉口花园六期,22,0,0,2020/2/14,114.274025,30.644094,0,0,-0.015498497,-0.002728458
591,锦湖金利小区,锦湖金利小区,17,0,0,2020/2/14,114.350237,30.670052,0,0,-0.015498497,-0.002728458
593,田元三村小区,田元三村小区,3,0,0,2020/2/14,114.428809,30.646526,0,0,-0.015498497,-0.002728458
597,融创公园壹号一期,融创公园壹号一期,1,4,0,2020/2/14,114.2829,30.645747,0,0,-0.015498497,-0.002728458
599,天顺园北社区,天顺园北社区,17,51,0,2020/2/14,114.222433,30.617062,0,0,-0.015498497,-0.002728458
606,海尔广场,海尔广场,1,0,0,2020/2/14,114.612613,30.836607,0,0,-0.015498497,-0.002728458
609,广电兰亭时代一期,广电兰亭时代一期,7,27,0,2020/2/14,114.223243,30.513379,0,0,-0.015498497,-0.002728458
610,广电兰亭时代二期,广电兰亭时代二期,8,19,0,2020/2/14,114.223243,30.513379,0,0,-0.015498497,-0.002728458
619,招商公园1872尚府,招商公园1872尚府,5,5,0,2020/2/14,114.233982,30.539567,0,0,-0.015498497,-0.002728458
636,冶金街现代花园社区,冶金街现代花园社区,23,15,0,2020/2/14,114.413212,30.623106,0,0,-0.015498497,-0.002728458
637,钢都花园122社区,钢都花园122社区,21,11,0,2020/2/14,114.377158,30.619603,0,0,-0.015498497,-0.002728458
657,碧苑花园社区,碧苑花园社区,12,0,0,2020/2/14,114.415906,30.632739,0,0,-0.015498497,-0.002728458
658,恋湖家园,恋湖家园,6,6,0,2020/2/14,114.218502,30.661457,0,0,-0.015498497,-0.002728458
687,名流人和天地怡和园,名流人和天地怡和园,3,4,0,2020/2/14,114.282033,30.718903,0,0,-0.015498497,-0.002728458
723,左岭新城祥龙社区,左岭新城祥龙社区,14,0,0,2020/2/15,114.620435,30.495761,0,0,-0.015498497,-0.002728458
756,金珠港湾二期,金珠港湾二期,3,9,0,2020/2/15,114.19948,30.653461,0,0,-0.015498497,-0.002728458
757,杏园社区,杏园社区,7,7,0,2020/2/15,114.138935,30.632775,0,0,-0.015498497,-0.002728458
763,南湖新城社区,南湖新城社区,11,13,0,2020/2/16,114.334352,30.496721,0,0,-0.015498497,-0.002728458
774,铁机馨苑,铁机馨苑,3,7,0,2020/2/16,114.374665,30.610809,0,0,-0.015498497,-0.002728458
778,金地雄楚一号,金地雄楚一号,6,3,0,2020/2/16,114.396846,30.502383,0,0,-0.015498497,-0.002728458
790,联投龙湾三期,联投龙湾三期,4,9,0,2020/2/16,114.315397,30.434303,0,0,-0.015498497,-0.002728458
792,尚隆苑社区D公馆,尚隆苑社区D公馆,5,1,0,2020/2/16,114.322786,30.565249,0,0,-0.015498497,-0.002728458
794,尚隆苑社区友谊二期,尚隆苑社区友谊二期,5,5,0,2020/2/16,114.32317,30.560821,0,0,-0.015498497,-0.002728458
813,钢都花园123社区,钢都花园123社区,35,5,0,2020/2/16,114.377158,30.619603,0,0,-0.015498497,-0.002728458
828,东湖景园,东湖景园,55,31,0,2020/2/17,114.381537,30.58825,0,0,-0.015498497,-0.002728458
829,张家湾街金色城市社区,张家湾街金色城市社区,35,34,0,2020/2/17,114.289348,30.498641,0,0,-0.015498497,-0.002728458
832,华中科技大学,华中科技大学,18,5,0,2020/2/17,114.419826,30.518754,0,0,-0.015498497,-0.002728458
839,美加滨湖新城一期,美加滨湖新城一期,1,1,0,2020/2/17,114.382133,30.463713,0,0,-0.015498497,-0.002728458
843,都市花园梅园,都市花园梅园,4,0,0,2020/2/17,114.273549,30.613512,0,0,-0.015498497,-0.002728458
852,汉江苑一期,汉江苑一期,5,1,0,2020/2/17,114.198822,30.580976,0,0,-0.015498497,-0.002728458
854,佳兆业,佳兆业,1,1,0,2020/2/17,114.300203,30.485724,0,0,-0.015498497,-0.002728458
856,钢都花园126社区,钢都花园126社区,44,0,0,2020/2/17,114.377158,30.619603,0,0,-0.015498497,-0.002728458
863,纺织大学东湖校区,纺织大学东湖校区,2,0,0,2020/2/18,114.379319,30.585614,0,0,-0.015498497,-0.002728458
864,长征社区,长征社区,15,32,0,2020/2/18,114.287583,30.485342,0,0,-0.015498497,-0.002728458
885,奥山V 公馆,奥山V 公馆,8,0,0,2020/2/18,114.353366,30.620803,0,0,-0.015498497,-0.002728458
886,奥山澜橼,奥山澜橼,13,0,0,2020/2/18,114.366587,30.626662,0,0,-0.015498497,-0.002728458
888,和平花苑东区,和平花苑东区,2,0,0,2020/2/18,114.369616,30.626464,0,0,-0.015498497,-0.002728458
890,常青花园第四社区,常青花园第四社区,5,13,0,2020/2/18,114.25719,30.644654,0,0,-0.015498497,-0.002728458
894,沙湖港湾B区,沙湖港湾B区,9,19,0,2020/2/19,114.392836,30.60276,0,0,-0.015498497,-0.002728458
900,中国地质大学,中国地质大学,26,24,0,2020/2/19,114.408533,30.525762,0,0,-0.015498497,-0.002728458
902,佛祖岭A区,佛祖岭A区,9,6,0,2020/2/19,114.452036,30.442998,0,0,-0.015498497,-0.002728458
907,悦达社区109小区,悦达社区109小区,3,4,0,2020/2/19,114.404991,30.626146,0,0,-0.015498497,-0.002728458
915,田园西村,田园西村,1,0,0,2020/2/19,114.146952,30.629341,0,0,-0.015498497,-0.002728458
918,金色港湾二期,金色港湾二期,3,1,0,2020/2/19,114.184158,30.521704,0,0,-0.015498497,-0.002728458
919,金色港湾三期,金色港湾三期,7,5,0,2020/2/19,114.185133,30.522499,0,0,-0.015498497,-0.002728458
920,金色港湾四期,金色港湾四期,26,11,0,2020/2/19,114.186768,30.527139,0,0,-0.015498497,-0.002728458
921,金色港湾五期,金色港湾五期,6,7,0,2020/2/19,114.184195,30.521088,0,0,-0.015498497,-0.002728458
938,起义门社区,起义门社区,34,15,0,2020/2/20,114.313277,30.529861,0,0,-0.015498497,-0.002728458
944,八大家花园38街,八大家花园38街,47,8,0,2020/2/20,114.390672,30.633629,0,0,-0.015498497,-0.002728458
945,八大家花园42街,八大家花园42街,28,6,0,2020/2/20,114.390033,30.631424,0,0,-0.015498497,-0.002728458
962,保温瓶小区,保温瓶小区,5,5,0,2020/2/21,114.41615,30.50429,0,0,-0.015498497,-0.002728458
977,碧桂园依云,碧桂园依云,7,0,0,2020/2/21,114.252836,30.605215,0,0,-0.015498497,-0.002728458
978,碧桂园山湖间,碧桂园山湖间,8,2,0,2020/2/21,114.509438,30.556719,0,0,-0.015498497,-0.002728458
979,碧桂园观澜,碧桂园观澜,1,0,0,2020/2/21,114.252836,30.605215,0,0,-0.015498497,-0.002728458
980,碧桂园剑桥郡,碧桂园剑桥郡,2,1,0,2020/2/21,114.276161,30.668423,0,0,-0.015498497,-0.002728458
983,佛祖岭B区,佛祖岭B区,5,1,0,2020/2/21,114.451414,30.446588,0,0,-0.015498497,-0.002728458
987,万科汉口传奇唐樾,万科汉口传奇唐樾,13,12,0,2020/2/21,114.270063,30.625898,0,0,-0.015498497,-0.002728458
988,万科汉口传奇悦庭,万科汉口传奇悦庭,12,9,0,2020/2/21,114.267561,30.625831,0,0,-0.015498497,-0.002728458
993,阳光北苑,阳光北苑,6,1,0,2020/2/21,114.257393,30.633254,0,0,-0.015498497,-0.002728458
994,阳光南苑,阳光南苑,15,5,0,2020/2/21,114.323173,30.349138,0,0,-0.015498497,-0.002728458
996,东兴天地A区,东兴天地A区,4,2,0,2020/2/21,114.371192,30.62741,0,0,-0.015498497,-0.002728458
1005,新城_汇,新城_汇,2,1,0,2020/2/21,114.233238,30.663486,0,0,-0.015498497,-0.002728458
1012,吴南花园西区,吴南花园西区,2,5,0,2020/2/21,114.145498,30.627002,0,0,-0.015498497,-0.002728458
1034,华锦花园小区,华锦花园小区,24,9,0,2020/2/22,114.323598,30.508385,0,0,-0.015498497,-0.002728458
1043,国信一期,国信一期,3,1,0,2020/2/22,114.382133,30.463713,0,0,-0.015498497,-0.002728458
1050,鑫桥小区,鑫桥小区,10,6,0,2020/2/22,114.198578,30.632703,0,0,-0.015498497,-0.002728458
1051,常青花园第二社区,常青花园第二社区,24,10,0,2020/2/22,114.239359,30.643227,0,0,-0.015498497,-0.002728458
1068,名流人和天地沁和园,名流人和天地沁和园,3,3,0,2020/2/22,114.285239,30.720385,0,0,-0.015498497,-0.002728458
1106,星光1期,星光1期,1,1,0,2020/2/23,114.288652,30.575826,0,0,-0.015498497,-0.002728458
1107,星光2期,星光2期,1,0,0,2020/2/23,114.288652,30.575826,0,0,-0.015498497,-0.002728458
1116,田园芳邻,田园芳邻,1,0,0,2020/2/23,114.138942,30.626055,0,0,-0.015498497,-0.002728458
1164,大华一二三期,大华一二三期,34,12,0,2020/2/25,114.303719,30.586627,0,0,-0.015498497,-0.002728458
1168,钢都花园125社区,钢都花园125社区,36,0,0,2020/2/25,114.377158,30.619603,0,0,-0.015498497,-0.002728458
1170,保利心语西区社区,保利心语西区社区,8,0,0,2020/2/20,114.325188,30.477428,0,0,-0.015498497,-0.002728458